gate_index,gate_name,split_time_s,exit_time_s,missed,retries,max_speed_m_s,cv_detection_rate
0,Gate00,2.243962049484253,1774815174.3048394,no,0,10.28,73.68%
1,Gate01,9.021723985671997,1774815183.3265634,no,0,11.61,70.71%
2,Gate02,1.4744083881378174,1774815184.8009717,no,0,10.39,95.83%
3,Gate03,1.042290449142456,1774815185.8432622,no,0,11.84,100.00%
4,Gate04,1.0909168720245361,1774815186.934179,no,0,12.23,100.00%
5,Gate05,0.890554666519165,1774815187.8247337,no,0,14.40,0.00%
6,Gate06,5.929280996322632,1774815193.7540147,no,0,16.81,93.88%
11,Gate11_23,1.8350002765655518,1774815195.589015,no,0,9.90,68.75%
0,Gate00,2.3025014400482178,1774815224.352582,no,0,10.09,100.00%
1,Gate01,0.8611490726470947,1774815225.213731,no,0,11.90,100.00%
2,Gate02,3.2025763988494873,1774815228.4163074,no,0,13.84,91.49%
4,Gate04,2.557192802429199,1774815230.9735003,no,0,14.49,59.46%
5,Gate05,9.196847200393677,1774815240.1703475,no,0,10.75,33.33%
6,Gate06,1.7295808792114258,1774815241.8999283,no,0,9.80,72.00%
0,Gate00,2.177717924118042,1774815419.7265203,no,0,9.63,78.38%
1,Gate01,0.9653594493865967,1774815420.6918797,no,0,11.81,100.00%
2,Gate02,3.25954008102417,1774815423.9514198,no,0,14.35,100.00%
4,Gate04,0.7436742782592773,1774815424.695094,no,0,14.89,0.00%
5,Gate05,9.047322511672974,1774815433.7424166,no,0,13.27,46.00%
6,Gate06,1.679034948348999,1774815435.4214516,no,0,9.72,75.86%
7,Gate07,2.4831886291503906,1774815437.9046402,no,0,12.44,81.40%
9,Gate09,0.909534215927124,1774815438.8141744,no,0,13.18,100.00%
10,Gate10_21,0.8930785655975342,1774815439.707253,no,0,14.13,100.00%
11,Gate11_23,0.7026979923248291,1774815440.409951,no,0,13.68,100.00%
0,Gate00,2.279116630554199,1774815646.6211846,no,0,9.17,100.00%
1,Gate01,0.9920094013214111,1774815647.613194,no,0,10.81,100.00%
2,Gate02,2.6282875537872314,1774815650.2414815,no,0,13.52,100.00%
4,Gate04,0.8779821395874023,1774815651.1194637,no,0,13.80,53.33%
5,Gate05,11.541778087615967,1774815662.6612418,no,0,12.58,89.80%
6,Gate06,1.6789286136627197,1774815664.3401704,no,0,9.15,65.38%
7,Gate07,1.2418034076690674,1774815665.5819738,no,0,10.83,100.00%
8,Gate08,1.0611319541931152,1774815666.6431057,no,0,11.84,94.12%
9,Gate09,1.0093226432800293,1774815667.6524284,no,0,12.38,100.00%
10,Gate10_21,0.8925216197967529,1774815668.54495,no,0,12.73,100.00%
11,Gate11_23,9.103183507919312,1774815677.6481335,no,0,12.28,70.30%
0,Gate00,9.798069715499878,1774815714.737025,no,0,8.86,78.85%
1,Gate01,1.3743817806243896,1774815716.1114068,no,0,9.63,95.45%
2,Gate02,2.974431276321411,1774815719.085838,no,0,12.96,100.00%
4,Gate04,1.7215185165405273,1774815720.8073566,no,0,10.73,65.52%
5,Gate05,2.7307276725769043,1774815723.5380843,no,0,12.10,80.43%
7,Gate07,0.931814432144165,1774815724.4698987,no,0,11.43,86.67%
8,Gate08,1.5366544723510742,1774815726.0065532,no,0,10.12,100.00%
9,Gate09,1.7765731811523438,1774815727.7831264,no,0,11.71,100.00%
10,Gate10_21,1.9281244277954102,1774815729.7112508,no,0,9.79,84.85%
0,Gate00,8.780415773391724,1774815749.217632,no,0,9.48,54.74%
1,Gate01,9.845657110214233,1774815759.0632892,no,0,17.97,72.55%
0,Gate00,2.280853509902954,1774815937.989953,no,0,10.00,100.00%
1,Gate01,0.8289122581481934,1774815938.8188653,no,0,11.28,100.00%
2,Gate02,3.624821662902832,1774815942.443687,no,0,15.61,98.41%
5,Gate05,0.6682875156402588,1774815943.1119745,no,0,15.90,100.00%
6,Gate06,0.7804677486419678,1774815943.8924422,no,0,13.45,50.00%
7,Gate07,2.8348448276519775,1774815946.727287,no,0,13.27,53.19%
9,Gate09,0.8727996349334717,1774815947.6000867,no,0,14.24,80.00%
10,Gate10_21,3.2516472339630127,1774815950.851734,no,0,14.51,85.19%
0,Gate00,2.197359085083008,1774815963.4923532,no,0,9.22,56.76%
1,Gate01,9.258434534072876,1774815972.7507877,no,0,9.70,29.70%
2,Gate02,1.5645902156829834,1774815974.315378,no,0,9.06,100.00%
3,Gate03,1.2615323066711426,1774815975.5769103,no,0,9.24,100.00%
4,Gate04,1.124851942062378,1774815976.7017622,no,0,10.15,100.00%
5,Gate05,0.985187292098999,1774815977.6869495,no,0,9.90,88.24%
6,Gate06,1.5723607540130615,1774815979.2593102,no,0,9.97,92.59%
7,Gate07,1.0968379974365234,1774815980.3561482,no,0,11.81,100.00%
8,Gate08,0.9976019859313965,1774815981.3537502,no,0,12.45,72.22%
9,Gate09,2.0239837169647217,1774815983.377734,no,0,12.90,100.00%
11,Gate11_23,0.8765718936920166,1774815984.2543058,no,0,13.00,66.67%
0,Gate00,2.376863718032837,1774815994.7656422,no,0,9.83,65.00%
1,Gate01,0.9164245128631592,1774815995.6820667,no,0,12.38,100.00%
2,Gate02,11.850216150283813,1774816007.5322828,no,0,15.80,68.42%
5,Gate05,1.1214489936828613,1774816008.6537318,no,0,10.60,84.21%
6,Gate06,6.3417792320251465,1774816014.995511,no,0,15.98,85.05%
0,Gate00,8.898792266845703,1774816033.020514,no,0,9.72,54.55%
1,Gate01,1.0996932983398438,1774816034.1202073,no,0,11.79,94.74%
2,Gate02,2.865053415298462,1774816036.9852607,no,0,14.40,100.00%
4,Gate04,9.200138568878174,1774816046.1853993,no,0,14.65,66.67%
5,Gate05,1.3659958839416504,1774816047.5513952,no,0,10.80,100.00%
6,Gate06,1.1556005477905273,1774816048.7069957,no,0,12.10,100.00%
0,Gate00,2.314919948577881,1774816067.4611185,no,0,9.60,51.61%
1,Gate01,9.246997833251953,1774816076.7081163,no,0,11.39,25.56%
2,Gate02,1.4096577167510986,1774816078.117774,no,0,9.84,90.48%
3,Gate03,1.0717346668243408,1774816079.1895087,no,0,11.46,100.00%
4,Gate04,1.0075204372406006,1774816080.197029,no,0,12.36,87.50%
5,Gate05,1.1625003814697266,1774816081.3595295,no,0,12.34,89.47%
6,Gate06,1.4910032749176025,1774816082.8505328,no,0,11.33,21.74%
7,Gate07,3.4093620777130127,1774816086.2598948,no,0,13.18,66.67%
9,Gate09,2.6701667308807373,1774816088.9300616,no,0,13.10,66.67%
10,Gate10_21,1.827148199081421,1774816090.7572098,no,0,10.37,21.43%
11,Gate11_23,1.7330965995788574,1774816092.4903064,no,0,11.60,100.00%
0,Gate00,2.122030019760132,1774816118.2720413,no,0,10.08,70.00%
1,Gate01,1.2845408916473389,1774816119.5565822,no,0,11.61,70.00%
2,Gate02,1.922229528427124,1774816121.4788117,no,0,10.69,21.43%
3,Gate03,0.9552781581878662,1774816122.43409,no,0,12.41,100.00%
4,Gate04,0.8446934223175049,1774816123.2787833,no,0,12.85,35.71%
5,Gate05,0.8617098331451416,1774816124.1404932,no,0,12.79,83.33%
0,Gate00,2.8174002170562744,1774816145.0154557,no,0,9.77,38.10%
1,Gate01,1.2874994277954102,1774816146.3029552,no,0,11.22,0.00%
2,Gate02,1.3503825664520264,1774816147.6533377,no,0,13.28,100.00%
3,Gate03,3.2788193225860596,1774816150.932157,no,0,13.97,64.44%
5,Gate05,1.8547112941741943,1774816152.7868683,no,0,14.56,70.37%
7,Gate07,5.466813325881958,1774816158.2536817,no,0,15.03,88.89%
8,Gate08,3.722717046737671,1774816161.9763987,no,0,14.04,54.76%
10,Gate10_21,3.065972328186035,1774816165.042371,no,0,14.33,94.74%
11,Gate11_23,1.759305715560913,1774816166.8016768,no,0,10.66,100.00%
0,Gate00,2.478304862976074,1774816176.8520598,no,0,9.70,100.00%
1,Gate01,0.9608371257781982,1774816177.812897,no,0,11.41,100.00%
2,Gate02,3.404447555541992,1774816181.2173445,no,0,16.27,100.00%
5,Gate05,0.7231101989746094,1774816181.9404547,no,0,16.49,80.00%
6,Gate06,1.0436601638793945,1774816182.984115,no,0,15.74,71.43%
0,Gate00,9.522621154785156,1774816212.4171138,no,0,9.75,91.76%
1,Gate01,1.4157333374023438,1774816213.832847,no,0,10.51,80.00%
2,Gate02,5.123993873596191,1774816218.956841,no,0,14.66,100.00%
4,Gate04,9.30994439125061,1774816228.2667854,no,0,12.31,60.24%
5,Gate05,8.960851430892944,1774816237.2276368,no,0,9.49,77.17%
0,Gate00,2.165111541748047,1774816264.270943,no,0,10.53,100.00%
1,Gate01,0.8109815120697021,1774816265.0819244,no,0,12.59,33.33%
2,Gate02,9.408010244369507,1774816274.4899347,no,0,17.36,81.88%
11,Gate11_23,4.311973810195923,1774816278.8019085,no,0,15.73,37.31%
0,Gate00,2.307249069213867,1774816302.736029,no,0,9.78,100.00%
1,Gate01,1.5773181915283203,1774816304.313347,no,0,12.86,83.33%
2,Gate02,1.6340973377227783,1774816305.9474444,no,0,11.21,88.00%
3,Gate03,2.9987685680389404,1774816308.946213,no,0,15.85,46.81%
6,Gate06,5.344696283340454,1774816314.2909093,no,0,17.42,94.94%
11,Gate11_23,0.7685542106628418,1774816315.0594635,no,0,17.66,90.91%
0,Gate00,2.366859197616577,1774816339.435211,no,0,9.83,100.00%
1,Gate01,0.8926167488098145,1774816340.3278277,no,0,13.04,61.54%
2,Gate02,2.248199224472046,1774816342.576027,no,0,11.73,100.00%
3,Gate03,0.8901853561401367,1774816343.4662123,no,0,14.17,100.00%
0,Gate00,2.6259944438934326,1774816373.3989017,no,0,8.39,97.22%
1,Gate01,3.8429672718048096,1774816377.241869,no,0,10.59,90.20%
2,Gate02,2.466783046722412,1774816379.708652,no,0,10.30,90.00%
3,Gate03,2.1367239952087402,1774816381.845376,no,0,15.25,96.15%
5,Gate05,0.7988746166229248,1774816382.6442506,no,0,15.36,100.00%
6,Gate06,7.2730748653411865,1774816389.9173255,no,0,18.34,89.01%
0,Gate00,9.716259002685547,1774816421.4886696,no,0,9.05,78.89%
1,Gate01,1.3245339393615723,1774816422.8132036,no,0,9.83,100.00%
2,Gate02,2.4636123180389404,1774816425.276816,no,0,13.82,100.00%
4,Gate04,0.7459375858306885,1774816426.0227535,no,0,14.27,100.00%
5,Gate05,1.2432081699371338,1774816427.2659616,no,0,13.88,88.89%
6,Gate06,2.2017815113067627,1774816429.4677432,no,0,9.80,38.24%
7,Gate07,1.6989617347717285,1774816431.166705,no,0,9.99,80.00%
8,Gate08,2.014915704727173,1774816433.1816206,no,0,8.72,56.67%
9,Gate09,1.0927362442016602,1774816434.2743568,no,0,12.64,93.75%
10,Gate10_21,0.8593103885650635,1774816435.1336672,no,0,13.63,100.00%
11,Gate11_23,0.819002628326416,1774816435.9526699,no,0,12.99,100.00%
0,Gate00,1.992384910583496,1774816443.1212485,no,0,10.16,66.67%
1,Gate01,0.8844256401062012,1774816444.0056741,no,0,11.74,100.00%
2,Gate02,0.9388635158538818,1774816444.9445376,no,0,12.53,100.00%
3,Gate03,0.8729958534240723,1774816445.8175335,no,0,13.63,100.00%
4,Gate04,0.843080997467041,1774816446.6606145,no,0,14.78,35.71%
5,Gate05,0.7244322299957275,1774816447.3850467,no,0,14.87,100.00%
6,Gate06,0.9115488529205322,1774816448.2965956,no,0,13.89,92.86%
7,Gate07,4.477705001831055,1774816452.7743006,no,0,16.96,67.65%
11,Gate11_23,2.8427677154541016,1774816455.6170683,no,0,16.98,93.48%
0,Gate00,2.273207426071167,1774816478.6286342,no,0,9.34,100.00%
1,Gate01,1.132056474685669,1774816479.7606907,no,0,12.44,77.78%
2,Gate02,3.496488094329834,1774816483.2571788,no,0,14.14,92.45%
4,Gate04,1.3925120830535889,1774816484.6496909,no,0,14.89,18.18%
6,Gate06,4.242460489273071,1774816488.8921514,no,0,15.76,53.03%
7,Gate07,4.374944448471069,1774816493.2670958,no,0,13.59,72.86%
9,Gate09,3.096224546432495,1774816496.3633204,no,0,9.45,38.00%
10,Gate10_21,9.252763032913208,1774816505.6160834,no,0,10.54,40.86%
11,Gate11_23,1.3354873657226562,1774816506.9515707,no,0,10.20,90.91%
0,Gate00,2.2020087242126465,1774816702.5345838,no,0,9.39,100.00%
1,Gate01,1.0123398303985596,1774816703.5469236,no,0,11.05,100.00%
2,Gate02,2.662836790084839,1774816706.2097604,no,0,14.54,92.86%
4,Gate04,1.4690356254577637,1774816707.678796,no,0,15.31,64.00%
5,Gate05,1.7432129383087158,1774816709.422009,no,0,9.86,100.00%
6,Gate06,4.402748107910156,1774816713.824757,no,0,11.51,59.46%
8,Gate08,8.930336952209473,1774816722.755094,no,0,10.53,92.78%
9,Gate09,1.5321733951568604,1774816724.2872674,no,0,10.36,96.15%
10,Gate10_21,1.0234606266021729,1774816725.310728,no,0,12.66,100.00%
11,Gate11_23,0.8182697296142578,1774816726.1289978,no,0,12.10,100.00%
0,Gate00,9.33585500717163,1774816741.7209718,no,0,9.37,27.59%
1,Gate01,1.3617117404937744,1774816743.0826836,no,0,11.29,94.74%
2,Gate02,4.280122756958008,1774816747.3628063,no,0,15.85,49.15%
5,Gate05,1.704969882965088,1774816749.0677762,no,0,11.01,95.65%
6,Gate06,1.7043728828430176,1774816750.772149,no,0,9.90,39.13%
7,Gate07,1.1937899589538574,1774816751.965939,no,0,11.12,93.75%
0,Gate00,2.0900542736053467,1774816765.956846,no,0,9.78,78.79%
1,Gate01,0.8882689476013184,1774816766.845115,no,0,12.10,100.00%
2,Gate02,1.0919926166534424,1774816767.9371076,no,0,11.61,100.00%
3,Gate03,1.043895959854126,1774816768.9810035,no,0,12.61,100.00%
4,Gate04,0.8109796047210693,1774816769.7919831,no,0,13.89,69.23%
5,Gate05,0.7277026176452637,1774816770.5196857,no,0,14.06,100.00%
6,Gate06,9.339232444763184,1774816779.8589182,no,0,13.68,35.11%
7,Gate07,1.3130378723144531,1774816781.171956,no,0,9.79,100.00%
8,Gate08,0.9728426933288574,1774816782.1447988,no,0,10.27,100.00%
9,Gate09,1.1204612255096436,1774816783.26526,no,0,11.93,100.00%
10,Gate10_21,2.7272725105285645,1774816785.9925325,no,0,13.55,84.44%
0,Gate00,2.1707420349121094,1774816800.429666,no,0,10.98,78.79%
1,Gate01,9.2451491355896,1774816809.6748152,no,0,11.55,40.43%
2,Gate02,1.372279167175293,1774816811.0470943,no,0,10.32,100.00%
3,Gate03,1.0728275775909424,1774816812.119922,no,0,11.13,100.00%
4,Gate04,1.2874090671539307,1774816813.407331,no,0,11.86,47.62%
5,Gate05,0.98154616355896,1774816814.3888772,no,0,12.19,71.43%
6,Gate06,5.5097527503967285,1774816819.89863,no,0,15.66,90.80%
11,Gate11_23,0.5999517440795898,1774816820.4985816,no,0,15.67,60.00%
0,Gate00,2.1921300888061523,1774816829.4518452,no,0,10.00,71.43%
1,Gate01,0.8367557525634766,1774816830.288601,no,0,12.16,100.00%
2,Gate02,9.867488145828247,1774816840.156089,no,0,18.16,90.91%
0,Gate00,2.117417812347412,1774816852.6248808,no,0,9.88,84.85%
1,Gate01,0.8446464538574219,1774816853.4695272,no,0,11.94,100.00%
2,Gate02,4.2556164264678955,1774816857.7251437,no,0,17.08,98.53%
6,Gate06,2.000730037689209,1774816859.7258737,no,0,16.11,87.50%
7,Gate07,1.3882272243499756,1774816861.114101,no,0,10.06,100.00%
8,Gate08,3.631735324859619,1774816864.7458363,no,0,17.16,88.14%
0,Gate00,2.142803192138672,1774816877.4036374,no,0,9.39,85.29%
1,Gate01,0.962573766708374,1774816878.3662112,no,0,9.93,100.00%
2,Gate02,1.2009482383728027,1774816879.5671594,no,0,9.85,100.00%
3,Gate03,1.0461235046386719,1774816880.613283,no,0,11.41,100.00%
4,Gate04,1.0640931129455566,1774816881.677376,no,0,10.82,88.89%
5,Gate05,0.9088625907897949,1774816882.5862386,no,0,10.79,80.00%
6,Gate06,9.137834310531616,1774816891.724073,no,0,9.93,79.79%
7,Gate07,1.2654345035552979,1774816892.9895074,no,0,8.96,90.00%
8,Gate08,1.8449602127075195,1774816894.8344676,no,0,9.11,100.00%
9,Gate09,1.6979994773864746,1774816896.5324671,no,0,10.55,88.46%
10,Gate10_21,1.6528568267822266,1774816898.185324,no,0,10.61,100.00%
11,Gate11_23,0.9556543827056885,1774816899.1409783,no,0,11.52,81.25%
0,Gate00,2.1201093196868896,1774816908.1201549,no,0,9.98,40.62%
1,Gate01,0.8572978973388672,1774816908.9774528,no,0,11.64,100.00%
2,Gate02,1.207956314086914,1774816910.185409,no,0,11.61,100.00%
3,Gate03,2.5465571880340576,1774816912.7319663,no,0,16.45,45.24%
6,Gate06,5.599565505981445,1774816918.3315318,no,0,16.67,71.76%
11,Gate11_23,1.7162926197052002,1774816920.0478244,no,0,16.36,35.71%
0,Gate00,2.1878702640533447,1774816943.8124645,no,0,9.81,100.00%
1,Gate01,1.528473138809204,1774816945.3409376,no,0,12.15,100.00%
2,Gate02,1.9580178260803223,1774816947.2989554,no,0,11.32,45.45%
3,Gate03,0.9398267269134521,1774816948.2387822,no,0,12.53,0.00%
4,Gate04,4.5930657386779785,1774816952.831848,no,0,14.35,70.83%
8,Gate08,1.0403335094451904,1774816953.8721814,no,0,12.12,100.00%
9,Gate09,0.9560673236846924,1774816954.8282487,no,0,13.97,73.33%
10,Gate10_21,0.8925399780273438,1774816955.7207887,no,0,15.80,100.00%
11,Gate11_23,0.5221447944641113,1774816956.2429335,no,0,16.28,44.44%
0,Gate00,9.40671992301941,1774816976.6172981,no,0,9.30,39.58%
1,Gate01,1.3370726108551025,1774816977.9543707,no,0,10.31,60.87%
2,Gate02,4.934359312057495,1774816982.88873,no,0,13.86,74.36%
5,Gate05,4.680079936981201,1774816987.56881,no,0,10.84,53.33%
7,Gate07,2.7356903553009033,1774816990.3045003,no,0,8.36,48.89%
8,Gate08,1.325258493423462,1774816991.6297588,no,0,9.83,28.57%
9,Gate09,4.500476360321045,1774816996.1302352,no,0,13.70,77.78%
11,Gate11_23,1.1458854675292969,1774816997.2761207,no,0,11.19,83.33%
0,Gate00,9.918816804885864,1774817013.055373,no,0,8.20,52.38%
1,Gate01,1.3731093406677246,1774817014.4284823,no,0,9.90,78.26%
2,Gate02,2.528916835784912,1774817016.9573991,no,0,13.72,100.00%
4,Gate04,0.8294394016265869,1774817017.7868385,no,0,13.78,100.00%
5,Gate05,1.187873363494873,1774817018.974712,no,0,10.59,100.00%
6,Gate06,2.852687120437622,1774817021.827399,no,0,12.77,86.67%
8,Gate08,0.8631801605224609,1774817022.6905792,no,0,13.29,100.00%
9,Gate09,1.2333927154541016,1774817023.923972,no,0,10.67,90.00%
10,Gate10_21,1.447143793106079,1774817025.3711157,no,0,11.26,100.00%
11,Gate11_23,2.000591516494751,1774817027.3717072,no,0,9.01,90.62%
0,Gate00,2.4343929290771484,1774817036.0986273,no,0,9.69,86.84%
1,Gate01,0.9291973114013672,1774817037.0278246,no,0,11.48,46.67%
2,Gate02,3.364947557449341,1774817040.3927722,no,0,15.89,75.47%
5,Gate05,8.964636325836182,1774817049.3574085,no,0,15.89,33.33%
6,Gate06,1.5324254035949707,1774817050.889834,no,0,10.39,66.67%
7,Gate07,2.6055285930633545,1774817053.4953625,no,0,13.15,79.07%
9,Gate09,0.9289307594299316,1774817054.4242933,no,0,13.92,100.00%
10,Gate10_21,0.8835785388946533,1774817055.3078718,no,0,14.47,100.00%
11,Gate11_23,2.3861703872680664,1774817057.6940422,no,0,14.46,63.16%
0,Gate00,2.061185359954834,1774817069.181783,no,0,9.63,74.19%
1,Gate01,0.9570083618164062,1774817070.1387913,no,0,12.21,93.75%
2,Gate02,3.3987667560577393,1774817073.537558,no,0,15.66,42.59%
5,Gate05,0.7076945304870605,1774817074.2452526,no,0,15.76,54.55%
6,Gate06,1.2393407821655273,1774817075.4845934,no,0,13.89,75.00%
7,Gate07,1.3273062705993652,1774817076.8118997,no,0,11.49,60.87%
8,Gate08,3.2220001220703125,1774817080.0338998,no,0,13.57,88.24%
0,Gate00,2.278566598892212,1774817160.7457483,no,0,8.52,90.32%
1,Gate01,1.4549570083618164,1774817162.2007053,no,0,10.78,100.00%
2,Gate02,1.74161696434021,1774817163.9423223,no,0,9.54,26.92%
3,Gate03,1.3376169204711914,1774817165.2799392,no,0,10.01,100.00%
4,Gate04,0.9762341976165771,1774817166.2561734,no,0,12.16,93.75%
5,Gate05,0.8500096797943115,1774817167.106183,no,0,12.08,92.31%
0,Gate00,2.736649513244629,1774817186.75985,no,0,9.77,85.00%
1,Gate01,1.2599718570709229,1774817188.019822,no,0,11.61,100.00%
2,Gate02,3.7181220054626465,1774817191.737944,no,0,15.67,55.93%
5,Gate05,8.991902589797974,1774817200.7298465,no,0,15.86,25.26%
6,Gate06,1.4297735691070557,1774817202.15962,no,0,9.68,16.00%
7,Gate07,1.1458320617675781,1774817203.305452,no,0,11.57,100.00%
8,Gate08,1.006037712097168,1774817204.3114898,no,0,13.33,100.00%
0,Gate00,2.223301649093628,1774817220.9472466,no,0,8.79,17.14%
1,Gate01,8.953346252441406,1774817229.9005928,no,0,10.85,58.95%
2,Gate02,1.3472769260406494,1774817231.2478697,no,0,10.07,100.00%
3,Gate03,1.1248154640197754,1774817232.3726852,no,0,10.65,100.00%
4,Gate04,0.9635429382324219,1774817233.3362281,no,0,11.90,93.75%
5,Gate05,0.9384167194366455,1774817234.2746449,no,0,11.17,100.00%
6,Gate06,1.2832539081573486,1774817235.5578988,no,0,10.14,76.19%
7,Gate07,1.0905985832214355,1774817236.6484973,no,0,10.87,100.00%
8,Gate08,1.1345956325531006,1774817237.783093,no,0,11.54,100.00%
9,Gate09,0.8788051605224609,1774817238.6618981,no,0,13.39,85.71%
10,Gate10_21,0.9369134902954102,1774817239.5988116,no,0,15.14,100.00%
11,Gate11_23,0.8217427730560303,1774817240.4205544,no,0,13.23,92.31%
0,Gate00,2.1483352184295654,1774817250.557898,no,0,10.48,69.70%
1,Gate01,0.8318963050842285,1774817251.3897943,no,0,12.90,100.00%
2,Gate02,17.1531183719635,1774817268.5429127,no,0,16.93,93.30%
10,Gate10_21,1.5132050514221191,1774817270.0561178,no,0,11.05,88.00%
11,Gate11_23,0.7787535190582275,1774817270.8348713,no,0,12.72,92.31%
0,Gate00,2.2054343223571777,1774817282.7530782,no,0,9.86,82.35%
1,Gate01,1.0498545169830322,1774817283.8029327,no,0,10.32,100.00%
2,Gate02,1.0800082683563232,1774817284.882941,no,0,12.07,100.00%
3,Gate03,0.91404128074646,1774817285.7969823,no,0,14.11,100.00%
4,Gate04,1.2636854648590088,1774817287.0606678,no,0,14.86,73.68%
5,Gate05,9.506495475769043,1774817296.5671632,no,0,10.93,70.97%
6,Gate06,1.4381120204925537,1774817298.0052752,no,0,8.95,90.48%
7,Gate07,8.910618782043457,1774817306.915894,no,0,9.15,69.57%
8,Gate08,1.3115923404693604,1774817308.2274864,no,0,8.84,100.00%
9,Gate09,1.3034253120422363,1774817309.5309117,no,0,10.80,95.00%
10,Gate10_21,1.0778419971466064,1774817310.6087537,no,0,12.22,100.00%
11,Gate11_23,0.8361117839813232,1774817311.4448655,no,0,13.99,0.00%
0,Gate00,9.159400224685669,1774817327.6422408,no,0,10.01,28.09%
1,Gate01,1.3348634243011475,1774817328.9771042,no,0,9.70,100.00%
2,Gate02,4.516940593719482,1774817333.4940448,no,0,12.12,85.00%
4,Gate04,1.5008172988891602,1774817334.994862,no,0,10.82,33.33%
5,Gate05,0.8791472911834717,1774817335.8740094,no,0,12.16,100.00%
6,Gate06,1.4375724792480469,1774817337.3115819,no,0,12.21,57.89%
7,Gate07,1.5556764602661133,1774817338.8672583,no,0,10.07,68.42%
8,Gate08,11.378506183624268,1774817350.2457645,no,0,12.86,63.56%
10,Gate10_21,1.2613797187805176,1774817351.5071442,no,0,10.80,84.21%
11,Gate11_23,0.8871052265167236,1774817352.3942494,no,0,10.46,93.33%
0,Gate00,2.4228603839874268,1774817360.3186445,no,0,8.95,63.89%
1,Gate01,9.24471664428711,1774817369.5633612,no,0,10.26,28.57%
2,Gate02,1.3370997905731201,1774817370.900461,no,0,9.80,100.00%
3,Gate03,2.926584005355835,1774817373.827045,no,0,9.43,100.00%
4,Gate04,1.70930814743042,1774817375.536353,no,0,10.15,40.74%
5,Gate05,9.214345216751099,1774817384.7506983,no,0,10.83,61.86%
6,Gate06,1.446223258972168,1774817386.1969216,no,0,10.18,16.67%
7,Gate07,3.470289945602417,1774817389.6672115,no,0,13.31,94.23%
10,Gate10_21,0.9511513710021973,1774817390.618363,no,0,13.00,100.00%
11,Gate11_23,0.7838642597198486,1774817391.4022272,no,0,13.30,76.92%
0,Gate00,2.34836483001709,1774817404.5006182,no,0,10.67,55.56%
1,Gate01,0.7890164852142334,1774817405.2896347,no,0,12.95,100.00%
2,Gate02,3.6064035892486572,1774817408.8960383,no,0,16.10,69.81%
5,Gate05,8.872714519500732,1774817417.7687528,no,0,16.37,27.96%
6,Gate06,1.3853445053100586,1774817419.1540973,no,0,9.87,86.96%
0,Gate00,9.813851118087769,1774817443.4605725,no,0,9.62,51.11%
1,Gate01,1.7667491436004639,1774817445.2273216,no,0,9.91,100.00%
2,Gate02,1.6998445987701416,1774817446.9271662,no,0,9.23,100.00%
3,Gate03,1.3432540893554688,1774817448.2704203,no,0,10.54,94.74%
4,Gate04,1.0456223487854004,1774817449.3160427,no,0,12.70,40.00%
5,Gate05,0.8140993118286133,1774817450.130142,no,0,12.89,100.00%
6,Gate06,1.3576281070709229,1774817451.48777,no,0,10.43,100.00%
7,Gate07,1.2399263381958008,1774817452.7276964,no,0,10.81,100.00%
8,Gate08,1.1356825828552246,1774817453.863379,no,0,10.43,100.00%
9,Gate09,1.0828983783721924,1774817454.9462774,no,0,11.21,94.12%
10,Gate10_21,0.9471039772033691,1774817455.8933814,no,0,13.66,100.00%
0,Gate00,10.93354868888855,1774817474.9521806,no,0,8.84,70.79%
1,Gate01,1.1465702056884766,1774817476.0987508,no,0,10.80,94.44%
2,Gate02,2.7063660621643066,1774817478.805117,no,0,13.99,100.00%
4,Gate04,1.3034710884094238,1774817480.108588,no,0,14.46,70.00%
5,Gate05,1.3731725215911865,1774817481.4817605,no,0,10.21,100.00%
6,Gate06,1.5832161903381348,1774817483.0649767,no,0,11.52,100.00%
7,Gate07,4.532657146453857,1774817487.5976338,no,0,13.09,100.00%
9,Gate09,2.030839443206787,1774817489.6284733,no,0,10.06,96.97%
10,Gate10_21,1.8188233375549316,1774817491.4472966,no,0,12.10,100.00%
11,Gate11_23,0.9205174446105957,1774817492.367814,no,0,12.47,78.57%
0,Gate00,9.221061706542969,1774817512.1483898,no,0,9.42,77.91%
1,Gate01,1.1385197639465332,1774817513.2869096,no,0,10.45,100.00%
2,Gate02,3.3695995807647705,1774817516.6565092,no,0,15.55,97.62%
5,Gate05,0.793076753616333,1774817517.449586,no,0,15.59,66.67%
6,Gate06,0.8974494934082031,1774817518.3470354,no,0,13.79,100.00%
0,Gate00,9.599522352218628,1774817543.3122914,no,0,9.76,66.28%
1,Gate01,9.444265604019165,1774817552.756557,no,0,10.24,100.00%
2,Gate02,9.509455680847168,1774817562.2660127,no,0,9.95,95.29%
3,Gate03,9.145528793334961,1774817571.4115415,no,0,10.21,96.43%
4,Gate04,1.892364501953125,1774817573.303906,no,0,10.74,100.00%
5,Gate05,1.3646910190582275,1774817574.668597,no,0,11.00,100.00%
6,Gate06,9.230240821838379,1774817583.8988378,no,0,12.01,96.63%
7,Gate07,1.2686436176300049,1774817585.1674814,no,0,9.84,100.00%
8,Gate08,1.261291742324829,1774817586.4287732,no,0,10.76,100.00%
9,Gate09,1.0250930786132812,1774817587.4538662,no,0,12.82,75.00%
10,Gate10_21,0.9732749462127686,1774817588.4271412,no,0,14.59,92.86%
11,Gate11_23,0.6144158840179443,1774817589.041557,no,0,14.64,60.00%
0,Gate00,2.320424795150757,1774817599.7872791,no,0,9.80,88.24%
1,Gate01,0.7888259887695312,1774817600.576105,no,0,11.25,100.00%
2,Gate02,1.2956109046936035,1774817601.871716,no,0,11.20,100.00%
3,Gate03,1.065579891204834,1774817602.937296,no,0,13.46,100.00%
4,Gate04,0.8140449523925781,1774817603.7513409,no,0,14.54,0.00%
5,Gate05,0.6970860958099365,1774817604.448427,no,0,14.58,70.00%
6,Gate06,9.625399589538574,1774817614.0738266,no,0,13.01,55.56%
7,Gate07,8.995720624923706,1774817623.0695472,no,0,9.32,77.53%
8,Gate08,1.2269072532653809,1774817624.2964544,no,0,9.39,72.22%
9,Gate09,1.3993866443634033,1774817625.695841,no,0,11.26,73.68%
10,Gate10_21,0.9426770210266113,1774817626.638518,no,0,13.67,93.75%
11,Gate11_23,3.087352991104126,1774817629.725871,no,0,13.74,71.43%
0,Gate00,9.276283740997314,1774817647.862041,no,0,9.09,92.31%
1,Gate01,9.239299535751343,1774817657.1013405,no,0,10.28,70.83%
2,Gate02,1.3013789653778076,1774817658.4027195,no,0,10.17,100.00%
3,Gate03,1.0567374229431152,1774817659.459457,no,0,11.64,100.00%
4,Gate04,0.8513250350952148,1774817660.310782,no,0,12.77,100.00%
5,Gate05,0.9411849975585938,1774817661.251967,no,0,12.67,85.71%
6,Gate06,5.42426061630249,1774817666.6762276,no,0,15.86,96.25%
11,Gate11_23,1.4333851337432861,1774817668.1096127,no,0,15.79,100.00%
0,Gate00,9.746797800064087,1774817699.0173683,no,0,9.22,78.65%
1,Gate01,9.369623184204102,1774817708.3869915,no,0,10.25,71.59%
2,Gate02,3.0289673805236816,1774817711.415959,no,0,10.02,100.00%
3,Gate03,9.070176362991333,1774817720.4861352,no,0,11.16,44.94%
4,Gate04,1.4168832302093506,1774817721.9030185,no,0,10.81,100.00%
5,Gate05,0.8856074810028076,1774817722.788626,no,0,12.01,76.92%
6,Gate06,4.972854375839233,1774817727.7614803,no,0,15.05,70.27%
10,Gate10_21,0.8282771110534668,1774817728.5897574,no,0,15.36,100.00%
11,Gate11_23,1.853745698928833,1774817730.4435031,no,0,14.45,100.00%
0,Gate00,2.268063545227051,1774817753.848629,no,0,8.78,100.00%
1,Gate01,1.6099376678466797,1774817755.4585667,no,0,12.13,100.00%
2,Gate02,2.114417791366577,1774817757.5729845,no,0,11.14,100.00%
3,Gate03,1.1439428329467773,1774817758.7169273,no,0,11.81,93.75%
4,Gate04,3.0996410846710205,1774817761.8165684,no,0,9.93,85.71%
5,Gate05,1.3304009437561035,1774817763.1469693,no,0,11.63,66.67%
6,Gate06,3.835787296295166,1774817766.9827566,no,0,12.47,77.78%
7,Gate07,1.6900184154510498,1774817768.672775,no,0,10.49,100.00%
8,Gate08,5.251668691635132,1774817773.9244437,no,0,13.12,83.54%
10,Gate10_21,1.7052500247955322,1774817775.6296937,no,0,11.25,100.00%
11,Gate11_23,0.7706074714660645,1774817776.4003012,no,0,13.80,100.00%
0,Gate00,2.1367337703704834,1774817787.2317376,no,0,9.60,87.50%
1,Gate01,0.9190444946289062,1774817788.150782,no,0,10.51,100.00%
2,Gate02,1.1335954666137695,1774817789.2843776,no,0,11.05,100.00%
3,Gate03,1.4083733558654785,1774817790.692751,no,0,11.39,100.00%
4,Gate04,8.884092807769775,1774817799.5768437,no,0,11.88,41.76%
5,Gate05,1.6148242950439453,1774817801.191668,no,0,9.65,100.00%
6,Gate06,1.5209035873413086,1774817802.7125716,no,0,10.59,78.26%
7,Gate07,5.025029182434082,1774817807.7376008,no,0,12.90,84.42%
9,Gate09,1.4984076023101807,1774817809.2360084,no,0,10.71,54.55%
10,Gate10_21,1.8419055938720703,1774817811.077914,no,0,10.46,71.43%
11,Gate11_23,2.6480588912963867,1774817813.725973,no,0,10.02,67.44%
0,Gate00,2.1219770908355713,1774817824.9685209,no,0,9.66,71.88%
0,Gate00,2.235852003097534,1774818046.7504117,no,0,10.11,76.67%
1,Gate01,0.8414452075958252,1774818047.591857,no,0,12.12,33.33%
2,Gate02,3.211604356765747,1774818050.8034613,no,0,14.17,89.13%
4,Gate04,0.8222365379333496,1774818051.6256979,no,0,15.17,69.23%
5,Gate05,0.7304048538208008,1774818052.3561027,no,0,13.43,90.91%
6,Gate06,3.9984941482543945,1774818056.3545969,no,0,13.86,56.90%
0,Gate00,2.314598560333252,1774818166.754133,no,0,8.74,100.00%
1,Gate01,1.4133074283599854,1774818168.1674404,no,0,10.52,100.00%
2,Gate02,1.7979390621185303,1774818169.9653795,no,0,11.12,69.23%
3,Gate03,0.8869009017944336,1774818170.8522804,no,0,13.54,100.00%
4,Gate04,0.8896336555480957,1774818171.741914,no,0,13.26,41.67%
5,Gate05,0.8139238357543945,1774818172.5558379,no,0,12.61,80.00%
6,Gate06,1.1102142333984375,1774818173.666052,no,0,11.66,78.57%
0,Gate00,2.0662600994110107,1774818192.6402996,no,0,10.68,40.00%
1,Gate01,0.9036667346954346,1774818193.5439663,no,0,12.14,92.31%
2,Gate02,0.9515717029571533,1774818194.495538,no,0,13.98,100.00%
3,Gate03,7.21801233291626,1774818201.7135503,no,0,16.88,68.42%
10,Gate10_21,3.675844669342041,1774818205.389395,no,0,16.83,45.28%
11,Gate11_23,2.4430441856384277,1774818207.8324392,no,0,9.40,81.08%
0,Gate00,2.2728137969970703,1774818230.5537782,no,0,10.08,100.00%
1,Gate01,0.9005322456359863,1774818231.4543104,no,0,10.84,100.00%
2,Gate02,1.097928762435913,1774818232.5522392,no,0,12.09,100.00%
3,Gate03,0.9639475345611572,1774818233.5161867,no,0,14.10,100.00%
4,Gate04,0.7490127086639404,1774818234.2651994,no,0,15.03,72.73%
5,Gate05,2.3688700199127197,1774818236.6340694,no,0,15.05,73.53%
6,Gate06,71.14090991020203,1774818307.7749794,no,0,9.82,35.96%
7,Gate07,2.071800470352173,1774818309.8467798,no,0,8.98,100.00%
8,Gate08,1.8447446823120117,1774818311.6915245,no,0,9.80,59.26%
9,Gate09,1.0901992321014404,1774818312.7817237,no,0,13.02,87.50%
10,Gate10_21,3.845484733581543,1774818316.6272085,no,0,14.81,68.52%
11,Gate11_23,2.679738759994507,1774818319.3069472,no,0,10.85,55.26%
0,Gate00,2.1303768157958984,1774818342.4324791,no,0,9.91,92.59%
1,Gate01,9.11754059791565,1774818351.5500197,no,0,11.21,55.17%
2,Gate02,1.3653333187103271,1774818352.915353,no,0,10.94,100.00%
3,Gate03,1.1208391189575195,1774818354.0361922,no,0,12.15,94.44%
4,Gate04,0.840019702911377,1774818354.876212,no,0,14.27,0.00%
5,Gate05,0.8334698677062988,1774818355.7096817,no,0,14.62,100.00%
6,Gate06,0.90751051902771,1774818356.6171923,no,0,14.71,73.33%
7,Gate07,4.5621583461761475,1774818361.1793506,no,0,17.24,94.37%
11,Gate11_23,2.6994855403900146,1774818363.8788362,no,0,17.29,90.24%
0,Gate00,2.1416571140289307,1774818390.0201077,no,0,9.83,84.38%
1,Gate01,0.9823341369628906,1774818391.002442,no,0,11.65,92.31%
2,Gate02,4.022477388381958,1774818395.0249193,no,0,16.25,94.23%
6,Gate06,0.82879638671875,1774818395.8537157,no,0,15.22,90.91%
0,Gate00,2.1326465606689453,1774818414.975198,no,0,10.54,69.70%
1,Gate01,1.180938720703125,1774818416.1561368,no,0,11.42,100.00%
2,Gate02,1.4607045650482178,1774818417.6168413,no,0,11.71,28.57%
3,Gate03,1.2296254634857178,1774818418.8464668,no,0,12.33,100.00%
4,Gate04,2.2177019119262695,1774818421.0641687,no,0,13.48,64.52%
6,Gate06,0.7843637466430664,1774818421.8485324,no,0,13.77,100.00%
7,Gate07,0.9063498973846436,1774818422.7548823,no,0,12.95,64.29%
0,Gate00,2.0919816493988037,1774818439.3103237,no,0,10.50,58.06%
1,Gate01,0.937974214553833,1774818440.248298,no,0,11.57,100.00%
2,Gate02,0.9504485130310059,1774818441.1987464,no,0,13.41,100.00%
3,Gate03,0.8457975387573242,1774818442.044544,no,0,15.63,84.62%
4,Gate04,6.8924689292907715,1774818448.937013,no,0,16.79,77.67%
11,Gate11_23,8.839143753051758,1774818457.7761567,no,0,16.52,31.52%
0,Gate00,2.2698230743408203,1774818469.1584308,no,0,10.29,100.00%
1,Gate01,0.8177080154418945,1774818469.9761388,no,0,11.31,70.00%
2,Gate02,1.2124826908111572,1774818471.1886215,no,0,11.46,100.00%
3,Gate03,2.7085094451904297,1774818473.897131,no,0,15.84,71.88%
6,Gate06,5.8999693393707275,1774818479.7971003,no,0,16.37,77.50%
0,Gate00,2.745016574859619,1774818494.440133,no,0,8.49,81.40%
1,Gate01,0.9959220886230469,1774818495.4360552,no,0,10.48,35.71%
2,Gate02,1.2809038162231445,1774818496.716959,no,0,10.45,100.00%
3,Gate03,1.9426372051239014,1774818498.6595962,no,0,11.18,100.00%
4,Gate04,1.710083246231079,1774818500.3696795,no,0,12.49,57.69%
5,Gate05,1.3470346927642822,1774818501.7167141,no,0,10.00,61.11%
6,Gate06,1.2944164276123047,1774818503.0111306,no,0,10.39,33.33%
7,Gate07,3.565617799758911,1774818506.5767484,no,0,15.01,63.83%
10,Gate10_21,0.8619458675384521,1774818507.4386942,no,0,15.07,100.00%
11,Gate11_23,0.6572749614715576,1774818508.0959692,no,0,14.92,80.00%
0,Gate00,2.2309372425079346,1774818517.9095242,no,0,10.37,89.66%
1,Gate01,0.8330304622650146,1774818518.7425547,no,0,11.56,100.00%
2,Gate02,0.9777443408966064,1774818519.720299,no,0,12.05,100.00%
3,Gate03,0.9440553188323975,1774818520.6643543,no,0,14.14,100.00%
4,Gate04,0.8607821464538574,1774818521.5251365,no,0,15.33,9.09%
5,Gate05,0.7204313278198242,1774818522.2455678,no,0,15.40,22.22%
6,Gate06,5.949858903884888,1774818528.1954267,no,0,18.84,70.73%
0,Gate00,2.173985004425049,1774818542.8973713,no,0,10.30,17.65%
1,Gate01,0.8337254524230957,1774818543.7310967,no,0,11.88,100.00%
2,Gate02,1.1000986099243164,1774818544.8311954,no,0,12.13,100.00%
3,Gate03,8.175143718719482,1774818553.006339,no,0,17.37,81.60%
11,Gate11_23,0.5021953582763672,1774818553.5085344,no,0,17.83,88.89%
0,Gate00,2.2055020332336426,1774818577.2567623,no,0,10.14,64.29%
1,Gate01,0.8619890213012695,1774818578.1187513,no,0,11.46,100.00%
2,Gate02,9.43458604812622,1774818587.5533373,no,0,17.13,83.97%
0,Gate00,2.233459234237671,1774818638.654784,no,0,9.91,79.31%
1,Gate01,9.44309949874878,1774818648.0978835,no,0,11.26,46.91%
2,Gate02,1.3645069599151611,1774818649.4623904,no,0,10.07,86.67%
3,Gate03,2.2336413860321045,1774818651.6960318,no,0,11.26,96.15%
4,Gate04,1.2103474140167236,1774818652.9063792,no,0,11.77,85.71%
5,Gate05,0.8328337669372559,1774818653.739213,no,0,13.66,100.00%
6,Gate06,3.909029722213745,1774818657.6482427,no,0,14.32,93.02%
8,Gate08,0.962043046951294,1774818658.6102858,no,0,14.31,100.00%
9,Gate09,2.19614577293396,1774818660.8064315,no,0,10.90,54.17%
10,Gate10_21,0.9576451778411865,1774818661.7640767,no,0,13.54,100.00%
11,Gate11_23,0.7198119163513184,1774818662.4838886,no,0,14.58,44.44%
0,Gate00,2.344014883041382,1774818678.1982791,no,0,9.91,60.00%
1,Gate01,0.8414504528045654,1774818679.0397296,no,0,11.60,90.91%
2,Gate02,1.2294731140136719,1774818680.2692027,no,0,11.73,100.00%
3,Gate03,3.263723611831665,1774818683.5329263,no,0,15.91,85.71%
6,Gate06,2.2575550079345703,1774818685.7904813,no,0,9.41,42.86%
7,Gate07,1.1562590599060059,1774818686.9467404,no,0,10.93,31.25%
8,Gate08,3.447596788406372,1774818690.3943372,no,0,15.13,97.50%
11,Gate11_23,0.6538012027740479,1774818691.0481384,no,0,15.19,87.50%
0,Gate00,3.895688056945801,1774818703.1215794,no,0,9.41,94.44%
1,Gate01,1.2107224464416504,1774818704.3323019,no,0,10.86,0.00%
2,Gate02,4.204569101333618,1774818708.536871,no,0,14.36,74.19%
5,Gate05,2.0197930335998535,1774818710.556664,no,0,10.12,18.52%
6,Gate06,9.465644121170044,1774818720.022308,no,0,11.51,67.47%
7,Gate07,1.3146564960479736,1774818721.3369646,no,0,9.47,73.68%
8,Gate08,1.2481803894042969,1774818722.585145,no,0,9.88,100.00%
9,Gate09,1.1148154735565186,1774818723.6999605,no,0,11.84,100.00%
10,Gate10_21,0.9524383544921875,1774818724.6523988,no,0,13.43,92.31%
11,Gate11_23,0.8121321201324463,1774818725.464531,no,0,12.89,90.00%
0,Gate00,2.188824415206909,1774818741.4059784,no,0,9.73,86.21%
1,Gate01,0.9044466018676758,1774818742.310425,no,0,11.42,100.00%
2,Gate02,1.1128568649291992,1774818743.423282,no,0,11.82,100.00%
3,Gate03,11.190436363220215,1774818754.6137183,no,0,16.43,64.10%
11,Gate11_23,3.091852903366089,1774818757.7055712,no,0,9.16,17.39%
0,Gate00,2.288862705230713,1774818781.533224,no,0,10.54,96.30%
1,Gate01,0.902397871017456,1774818782.435622,no,0,11.09,100.00%
2,Gate02,3.085820436477661,1774818785.5214424,no,0,15.83,82.93%
5,Gate05,0.7360036373138428,1774818786.257446,no,0,16.01,100.00%
6,Gate06,5.952622652053833,1774818792.2100687,no,0,17.44,84.06%
0,Gate00,2.2592933177948,1774818816.9464188,no,0,10.17,82.14%
1,Gate01,1.9519245624542236,1774818818.8983433,no,0,11.89,44.00%
2,Gate02,1.706014633178711,1774818820.604358,no,0,10.32,86.36%
3,Gate03,1.0698232650756836,1774818821.6741812,no,0,13.10,69.23%
4,Gate04,7.807100534439087,1774818829.4812818,no,0,17.56,93.55%
11,Gate11_23,5.067466497421265,1774818834.5487483,no,0,13.16,58.97%
0,Gate00,2.199683666229248,1774818847.9544456,no,0,9.60,79.17%
1,Gate01,0.9747412204742432,1774818848.9291868,no,0,11.09,90.91%
2,Gate02,2.574849843978882,1774818851.5040367,no,0,12.81,100.00%
4,Gate04,13.844498634338379,1774818865.3485353,no,0,10.25,90.12%
5,Gate05,1.128345012664795,1774818866.4768803,no,0,10.46,92.31%
6,Gate06,9.104698419570923,1774818875.5815787,no,0,9.22,41.98%
7,Gate07,1.4779958724975586,1774818877.0595746,no,0,9.10,100.00%
8,Gate08,1.5989365577697754,1774818878.6585112,no,0,9.88,25.93%
9,Gate09,1.054147481918335,1774818879.7126586,no,0,12.97,100.00%
10,Gate10_21,0.856130838394165,1774818880.5687895,no,0,14.05,93.33%
11,Gate11_23,0.6693320274353027,1774818881.2381215,no,0,14.53,83.33%
0,Gate00,10.306875467300415,1774818900.2916875,no,0,8.94,72.04%
1,Gate01,1.197997808456421,1774818901.4896853,no,0,10.57,100.00%
2,Gate02,3.5070626735687256,1774818904.996748,no,0,14.70,70.91%
5,Gate05,0.6404192447662354,1774818905.6371672,no,0,14.41,30.00%
6,Gate06,1.1196815967559814,1774818906.7568488,no,0,13.95,5.56%
7,Gate07,3.7182629108428955,1774818910.4751117,no,0,14.84,97.92%
9,Gate09,1.47300124168396,1774818911.948113,no,0,16.16,95.65%
11,Gate11_23,2.6786203384399414,1774818914.6267333,no,0,16.27,70.73%
0,Gate00,2.27496600151062,1774818940.1630812,no,0,10.51,96.55%
1,Gate01,0.8252410888671875,1774818940.9883223,no,0,10.90,100.00%
2,Gate02,3.124145746231079,1774818944.112468,no,0,15.73,87.18%
5,Gate05,0.7095479965209961,1774818944.822016,no,0,15.88,100.00%
6,Gate06,5.916382789611816,1774818950.7383988,no,0,17.57,53.57%
0,Gate00,2.325594663619995,1774818965.4969604,no,0,9.14,96.77%
1,Gate01,0.9676656723022461,1774818966.464626,no,0,10.91,42.86%
2,Gate02,1.130368947982788,1774818967.594995,no,0,11.81,100.00%
3,Gate03,0.9764659404754639,1774818968.571461,no,0,13.36,100.00%
4,Gate04,3.704479932785034,1774818972.275941,no,0,14.09,59.62%
5,Gate05,12.532145261764526,1774818984.8080862,no,0,10.37,2.82%
6,Gate06,0.9873852729797363,1774818985.7954714,no,0,10.87,46.67%
0,Gate00,2.1006970405578613,1774819003.3143373,no,0,10.89,56.00%
1,Gate01,1.012402057647705,1774819004.3267393,no,0,11.34,91.67%
2,Gate02,12.32422661781311,1774819016.650966,no,0,17.15,83.89%
11,Gate11_23,2.0052294731140137,1774819018.6561954,no,0,9.90,59.26%
0,Gate00,2.3004865646362305,1774819042.5451539,no,0,9.68,100.00%
1,Gate01,1.3045520782470703,1774819043.849706,no,0,11.97,37.50%
2,Gate02,2.028815746307373,1774819045.8785217,no,0,10.80,91.67%
3,Gate03,1.018857479095459,1774819046.8973792,no,0,12.12,100.00%
4,Gate04,0.9681122303009033,1774819047.8654914,no,0,12.77,75.00%
5,Gate05,6.387259244918823,1774819054.2527506,no,0,17.46,73.75%
11,Gate11_23,1.4648234844207764,1774819055.7175741,no,0,16.80,85.00%
0,Gate00,2.270113706588745,1774819078.49518,no,0,10.59,96.30%
1,Gate01,0.8299078941345215,1774819079.3250878,no,0,11.36,100.00%
2,Gate02,1.1540791988372803,1774819080.479167,no,0,11.98,100.00%
3,Gate03,8.189115047454834,1774819088.668282,no,0,17.04,84.31%
11,Gate11_23,2.6436550617218018,1774819091.311937,no,0,16.83,33.33%
0,Gate00,2.2055351734161377,1774819117.7466116,no,0,9.83,74.07%
1,Gate01,0.9014499187469482,1774819118.6480615,no,0,12.00,90.91%
2,Gate02,1.884425163269043,1774819120.5324867,no,0,10.58,95.65%
3,Gate03,0.9943196773529053,1774819121.5268064,no,0,11.87,100.00%
4,Gate04,0.8518788814544678,1774819122.3786852,no,0,12.84,100.00%
5,Gate05,1.0201592445373535,1774819123.3988445,no,0,12.96,92.31%
6,Gate06,5.422313928604126,1774819128.8211584,no,0,15.54,80.00%
11,Gate11_23,0.6906578540802002,1774819129.512323,no,0,16.07,0.00%
0,Gate00,2.1236844062805176,1774819143.7800894,no,0,10.39,40.74%
1,Gate01,0.9194726943969727,1774819144.699562,no,0,11.38,100.00%
2,Gate02,1.1328792572021484,1774819145.8324413,no,0,12.52,100.00%
3,Gate03,8.036966562271118,1774819153.869408,no,0,17.14,71.00%
11,Gate11_23,1.7371037006378174,1774819155.6065116,no,0,15.97,86.96%
0,Gate00,2.369457244873047,1774819178.7739563,no,0,9.35,96.15%
1,Gate01,1.007089614868164,1774819179.781046,no,0,9.48,100.00%
2,Gate02,1.3555071353912354,1774819181.136553,no,0,10.13,100.00%
3,Gate03,1.0187809467315674,1774819182.155334,no,0,10.67,100.00%
4,Gate04,2.4374728202819824,1774819184.5928068,no,0,9.97,94.29%
5,Gate05,1.6858468055725098,1774819186.2786536,no,0,9.11,0.00%
6,Gate06,1.1896581649780273,1774819187.4683118,no,0,9.61,47.37%
7,Gate07,1.146770715713501,1774819188.6150825,no,0,9.33,100.00%
8,Gate08,1.3423237800598145,1774819189.9574063,no,0,8.99,95.00%
9,Gate09,1.1916475296020508,1774819191.1490538,no,0,10.03,73.33%
10,Gate10_21,1.1239993572235107,1774819192.2730532,no,0,10.48,94.12%
11,Gate11_23,0.9888849258422852,1774819193.261938,no,0,10.61,92.31%
0,Gate00,2.2820451259613037,1774819204.1360698,no,0,10.23,58.62%
1,Gate01,0.7675280570983887,1774819204.9035978,no,0,11.34,100.00%
2,Gate02,1.231684684753418,1774819206.1352825,no,0,11.19,100.00%
3,Gate03,2.8201425075531006,1774819208.955425,no,0,15.35,22.86%
6,Gate06,4.914202690124512,1774819213.8696277,no,0,13.24,69.84%
9,Gate09,2.0224454402923584,1774819215.8920732,no,0,9.72,28.57%
10,Gate10_21,1.0756468772888184,1774819216.96772,no,0,12.45,0.00%
0,Gate00,9.22232174873352,1774819236.2984502,no,0,10.04,30.49%
1,Gate01,1.193147897720337,1774819237.4915981,no,0,11.28,100.00%
2,Gate02,5.817561626434326,1774819243.3091598,no,0,15.81,81.33%
5,Gate05,5.708209991455078,1774819249.0173697,no,0,13.61,75.00%
8,Gate08,1.2899513244628906,1774819250.307321,no,0,11.01,76.47%
9,Gate09,4.165156364440918,1774819254.4724774,no,0,8.53,77.36%
10,Gate10_21,1.671072244644165,1774819256.1435497,no,0,10.41,26.32%
11,Gate11_23,3.836723566055298,1774819259.9802732,no,0,10.71,62.96%
0,Gate00,2.2962191104888916,1774819284.1872294,no,0,9.81,100.00%
1,Gate01,0.925513744354248,1774819285.1127431,no,0,11.20,100.00%
2,Gate02,9.32390284538269,1774819294.436646,no,0,16.90,81.45%
11,Gate11_23,0.6294803619384766,1774819295.0661263,no,0,17.16,62.50%
0,Gate00,2.285768508911133,1774819319.9129803,no,0,9.89,100.00%
1,Gate01,0.912395715713501,1774819320.825376,no,0,11.35,100.00%
2,Gate02,4.104970216751099,1774819324.9303463,no,0,16.28,87.27%
6,Gate06,0.8816509246826172,1774819325.8119972,no,0,15.19,45.45%
0,Gate00,2.163541555404663,1774819344.8670394,no,0,10.55,56.00%
1,Gate01,1.0178635120391846,1774819345.884903,no,0,10.74,91.67%
2,Gate02,1.1943104267120361,1774819347.0792134,no,0,12.66,100.00%
3,Gate03,0.9039702415466309,1774819347.9831836,no,0,13.96,100.00%
4,Gate04,0.8881263732910156,1774819348.87131,no,0,14.72,100.00%
5,Gate05,0.6980299949645996,1774819349.56934,no,0,14.86,100.00%
6,Gate06,1.0131642818450928,1774819350.5825043,no,0,12.80,25.00%
7,Gate07,4.792462110519409,1774819355.375978,no,0,17.32,73.02%
0,Gate00,2.0677833557128906,1774819367.5334148,no,0,10.27,77.42%
1,Gate01,0.9199659824371338,1774819368.4533808,no,0,11.49,100.00%
2,Gate02,1.1075708866119385,1774819369.5609517,no,0,11.34,100.00%
3,Gate03,0.9528536796569824,1774819370.5138054,no,0,13.34,100.00%
4,Gate04,3.0571181774139404,1774819373.5709236,no,0,14.40,60.00%
5,Gate05,11.120625734329224,1774819384.6915493,no,0,12.01,41.54%
7,Gate07,1.4294509887695312,1774819386.1210003,no,0,9.45,100.00%
8,Gate08,2.240140199661255,1774819388.3611405,no,0,9.82,97.06%
9,Gate09,2.32344651222229,1774819390.684587,no,0,10.70,14.71%
10,Gate10_21,1.9455983638763428,1774819392.6301854,no,0,11.85,44.00%
11,Gate11_23,9.117058753967285,1774819401.7472441,no,0,9.24,62.07%
0,Gate00,2.318276882171631,1774819425.0482626,no,0,10.17,86.67%
1,Gate01,0.8779008388519287,1774819425.9261634,no,0,11.57,100.00%
2,Gate02,3.4851233959198,1774819429.4112868,no,0,15.60,88.10%
5,Gate05,1.7481534481048584,1774819431.1594403,no,0,15.61,41.67%
6,Gate06,3.139470100402832,1774819434.2989104,no,0,10.20,25.00%
7,Gate07,9.212547302246094,1774819443.5114577,no,0,9.86,51.85%
8,Gate08,1.224867343902588,1774819444.736325,no,0,9.57,100.00%
9,Gate09,2.0631837844848633,1774819446.7995088,no,0,9.88,44.83%
10,Gate10_21,1.0523831844329834,1774819447.851892,no,0,11.90,100.00%
11,Gate11_23,2.2332897186279297,1774819450.0851817,no,0,12.08,59.38%
0,Gate00,2.841151475906372,1774819465.0408769,no,0,8.43,77.78%
1,Gate01,1.0182232856750488,1774819466.0591002,no,0,10.65,50.00%
2,Gate02,2.3566486835479736,1774819468.4157488,no,0,13.29,100.00%
4,Gate04,2.3779489994049072,1774819470.7936978,no,0,13.52,59.38%
5,Gate05,1.8097894191741943,1774819472.6044905,no,0,9.17,0.00%
6,Gate06,1.5741758346557617,1774819474.1786664,no,0,10.30,86.36%
7,Gate07,1.669553279876709,1774819475.8482196,no,0,9.99,95.83%
8,Gate08,48.39189553260803,1774819524.2401152,no,0,12.68,5.35%
10,Gate10_21,1.1432242393493652,1774819525.3833394,no,0,13.58,88.89%
11,Gate11_23,0.8415019512176514,1774819526.2248414,no,0,14.21,100.00%
0,Gate00,2.76172137260437,1774819555.815735,no,0,9.43,83.33%
1,Gate01,1.213123083114624,1774819557.0288582,no,0,9.38,100.00%
2,Gate02,1.6255643367767334,1774819558.6544225,no,0,9.16,100.00%
3,Gate03,2.0336241722106934,1774819560.6880467,no,0,11.93,66.67%
4,Gate04,72.03090572357178,1774819632.7189524,no,0,14.74,91.65%
7,Gate07,3.4462802410125732,1774819636.1652327,no,0,13.69,65.31%
9,Gate09,2.1419661045074463,1774819638.3071988,no,0,13.91,91.18%
10,Gate10_21,2.136786699295044,1774819640.4439855,no,0,10.92,61.76%
11,Gate11_23,0.8109004497528076,1774819641.254886,no,0,11.82,42.86%
0,Gate00,2.113570213317871,1774819649.2172298,no,0,10.10,40.00%
1,Gate01,0.8319439888000488,1774819650.0491738,no,0,11.51,100.00%
2,Gate02,1.2700815200805664,1774819651.3192554,no,0,11.47,100.00%
3,Gate03,1.8731048107147217,1774819653.1928654,no,0,15.45,82.76%
5,Gate05,0.7362520694732666,1774819653.9291174,no,0,15.59,100.00%
0,Gate00,2.1179184913635254,1774819673.790243,no,0,10.73,100.00%
1,Gate01,0.910891056060791,1774819674.701134,no,0,11.19,90.91%
2,Gate02,1.062396764755249,1774819675.7635307,no,0,12.81,100.00%
3,Gate03,0.9247298240661621,1774819676.6882606,no,0,13.54,100.00%
4,Gate04,0.8672688007354736,1774819677.5555294,no,0,13.93,35.71%
5,Gate05,1.3593873977661133,1774819678.9149168,no,0,14.08,100.00%
6,Gate06,9.249680519104004,1774819688.1645973,no,0,10.85,63.83%
7,Gate07,1.3976898193359375,1774819689.562287,no,0,9.35,100.00%
8,Gate08,1.1709768772125244,1774819690.733264,no,0,10.18,92.86%
9,Gate09,1.0345978736877441,1774819691.7678618,no,0,13.39,93.75%
10,Gate10_21,0.8310105800628662,1774819692.5988724,no,0,13.59,100.00%
11,Gate11_23,1.469184160232544,1774819694.0680566,no,0,13.55,95.24%
0,Gate00,2.212007522583008,1774819705.4192781,no,0,9.94,100.00%
1,Gate01,0.9140975475311279,1774819706.3333757,no,0,11.21,100.00%
2,Gate02,3.3217523097991943,1774819709.655128,no,0,15.29,83.33%
5,Gate05,0.621056318283081,1774819710.2761843,no,0,15.39,50.00%
6,Gate06,0.9132974147796631,1774819711.1894817,no,0,13.55,26.67%
7,Gate07,2.4498910903930664,1774819713.6393728,no,0,11.59,90.00%
9,Gate09,0.9773392677307129,1774819714.616712,no,0,13.72,100.00%
10,Gate10_21,10.279348611831665,1774819724.8960607,no,0,14.43,53.91%
11,Gate11_23,1.2375667095184326,1774819726.1336274,no,0,10.45,100.00%
0,Gate00,2.416461229324341,1774819737.6264837,no,0,10.30,100.00%
1,Gate01,0.8901736736297607,1774819738.5166574,no,0,10.88,91.67%
2,Gate02,1.1742627620697021,1774819739.69092,no,0,12.08,100.00%
3,Gate03,1.8760578632354736,1774819741.566978,no,0,14.15,71.43%
5,Gate05,0.8116097450256348,1774819742.3785877,no,0,14.09,27.27%
6,Gate06,9.20647406578064,1774819751.5850618,no,0,12.27,25.27%
7,Gate07,1.4377326965332031,1774819753.0227945,no,0,9.36,100.00%
8,Gate08,0.9702126979827881,1774819753.9930072,no,0,10.23,85.71%
9,Gate09,1.630882978439331,1774819755.6238902,no,0,12.13,87.50%
10,Gate10_21,1.7300796508789062,1774819757.3539698,no,0,12.77,47.83%
11,Gate11_23,0.8168008327484131,1774819758.1707706,no,0,13.55,58.33%
0,Gate00,1.907658338546753,1774819769.3629477,no,0,10.36,68.18%
1,Gate01,3.782695770263672,1774819773.1456435,no,0,11.38,52.08%
2,Gate02,3.207489252090454,1774819776.3531327,no,0,10.78,38.10%
3,Gate03,1.0340957641601562,1774819777.3872285,no,0,11.26,100.00%
4,Gate04,0.9038310050964355,1774819778.2910595,no,0,12.14,91.67%
5,Gate05,0.8387479782104492,1774819779.1298075,no,0,12.23,45.45%
6,Gate06,1.0643556118011475,1774819780.194163,no,0,11.95,86.67%
0,Gate00,2.2322568893432617,1774819796.2893567,no,0,9.88,21.43%
1,Gate01,0.934420108795166,1774819797.2237768,no,0,11.06,100.00%
2,Gate02,1.0326807498931885,1774819798.2564576,no,0,10.79,100.00%
3,Gate03,9.661854982376099,1774819807.9183125,no,0,11.91,57.14%
4,Gate04,1.3524227142333984,1774819809.2707353,no,0,10.82,94.74%
5,Gate05,1.1380798816680908,1774819810.4088151,no,0,10.93,87.50%
0,Gate00,2.165379047393799,1774819828.888767,no,0,10.55,96.67%
1,Gate01,0.9105582237243652,1774819829.7993252,no,0,11.06,100.00%
2,Gate02,0.9809832572937012,1774819830.7803085,no,0,12.75,100.00%
3,Gate03,0.9698798656463623,1774819831.7501884,no,0,13.93,92.86%
4,Gate04,0.7568697929382324,1774819832.5070581,no,0,13.89,66.67%
5,Gate05,0.8476521968841553,1774819833.3547103,no,0,13.54,100.00%
6,Gate06,1.2036056518554688,1774819834.558316,no,0,11.78,50.00%
7,Gate07,1.4666295051574707,1774819836.0249455,no,0,11.06,45.45%
8,Gate08,3.3884921073913574,1774819839.4134376,no,0,14.39,87.23%
10,Gate10_21,0.8424599170684814,1774819840.2558975,no,0,14.59,91.67%
11,Gate11_23,1.8264267444610596,1774819842.0823243,no,0,10.50,92.00%
0,Gate00,2.047494411468506,1774819849.7293243,no,0,10.10,61.29%
1,Gate01,9.419450521469116,1774819859.1487749,no,0,11.06,47.31%
2,Gate02,1.4032604694366455,1774819860.5520353,no,0,9.83,100.00%
3,Gate03,1.075028419494629,1774819861.6270638,no,0,11.18,100.00%
4,Gate04,0.9959158897399902,1774819862.6229796,no,0,12.35,33.33%
5,Gate05,0.7165207862854004,1774819863.3395004,no,0,12.11,83.33%
6,Gate06,1.1434617042541504,1774819864.4829621,no,0,11.17,72.22%
0,Gate00,2.075251340866089,1774819882.0611992,no,0,10.44,78.12%
1,Gate01,0.8956828117370605,1774819882.956882,no,0,11.46,100.00%
2,Gate02,1.063222885131836,1774819884.020105,no,0,12.23,100.00%
3,Gate03,0.9449155330657959,1774819884.9650204,no,0,14.18,100.00%
4,Gate04,0.7736055850982666,1774819885.738626,no,0,14.63,91.67%
5,Gate05,0.765247106552124,1774819886.503873,no,0,14.70,100.00%
6,Gate06,1.0559279918670654,1774819887.559801,no,0,13.53,70.59%
7,Gate07,4.747213363647461,1774819892.3070145,no,0,16.67,80.28%
0,Gate00,2.2607827186584473,1774819906.6566653,no,0,9.44,100.00%
0,Gate00,2.2759785652160645,1774820544.2281423,no,0,10.55,96.77%
1,Gate01,0.8549990653991699,1774820545.0831413,no,0,11.54,50.00%
0,Gate00,2.1296591758728027,1774820565.9349833,no,0,10.44,90.00%
1,Gate01,0.8610560894012451,1774820566.7960393,no,0,11.58,100.00%
2,Gate02,1.062248945236206,1774820567.8582883,no,0,11.67,100.00%
3,Gate03,0.9893791675567627,1774820568.8476675,no,0,13.54,100.00%
4,Gate04,0.853217601776123,1774820569.700885,no,0,14.73,33.33%
5,Gate05,0.7615995407104492,1774820570.4624846,no,0,14.88,100.00%
6,Gate06,1.0151643753051758,1774820571.477649,no,0,13.53,100.00%
0,Gate00,2.373716354370117,1774820671.0048308,no,0,10.59,80.65%
1,Gate01,0.8033015727996826,1774820671.8091352,no,0,10.73,90.91%
2,Gate02,3.3363592624664307,1774820675.1454945,no,0,14.21,73.91%
5,Gate05,1.312272310256958,1774820676.4577668,no,0,13.79,84.21%
6,Gate06,1.478346586227417,1774820677.9361134,no,0,11.12,27.27%
7,Gate07,3.2419016361236572,1774820681.178015,no,0,11.19,97.83%
9,Gate09,1.0609676837921143,1774820682.2389827,no,0,10.82,100.00%
10,Gate10_21,1.151982307434082,1774820683.390965,no,0,10.55,100.00%
11,Gate11_23,0.921025276184082,1774820684.3119903,no,0,12.29,100.00%
0,Gate00,2.319976806640625,1774820696.3678477,no,0,10.42,100.00%
1,Gate01,0.8540856838226318,1774820697.2219334,no,0,11.64,100.00%
2,Gate02,1.095975637435913,1774820698.317909,no,0,12.08,100.00%
3,Gate03,7.947968482971191,1774820706.2658775,no,0,16.56,83.05%
11,Gate11_23,0.6304328441619873,1774820706.8963103,no,0,17.08,72.73%
0,Gate00,2.1588916778564453,1774820731.5586498,no,0,9.92,59.38%
1,Gate01,0.8964104652404785,1774820732.4550602,no,0,11.57,92.86%
2,Gate02,3.366396188735962,1774820735.8214564,no,0,15.46,69.64%
5,Gate05,0.7177772521972656,1774820736.5392337,no,0,15.57,91.67%
6,Gate06,0.9283447265625,1774820737.4675784,no,0,14.22,87.50%
7,Gate07,1.6154470443725586,1774820739.0830255,no,0,10.24,11.11%
8,Gate08,0.8730278015136719,1774820739.9560533,no,0,10.33,86.67%
9,Gate09,2.167229413986206,1774820742.1232827,no,0,9.96,42.11%
10,Gate10_21,1.0774364471435547,1774820743.200719,no,0,11.63,16.67%
11,Gate11_23,0.8337507247924805,1774820744.0344698,no,0,12.52,100.00%
0,Gate00,2.5554654598236084,1774820762.496293,no,0,6.22,100.00%
0,Gate00,2.1733202934265137,1774820936.7060862,no,0,10.27,100.00%
1,Gate01,0.8244779109954834,1774820937.530564,no,0,11.45,100.00%
2,Gate02,1.1614971160888672,1774820938.6920612,no,0,11.26,100.00%
3,Gate03,2.7027664184570312,1774820941.3948276,no,0,16.20,88.10%
6,Gate06,5.3361616134643555,1774820946.7309892,no,0,16.33,74.07%
11,Gate11_23,8.899862289428711,1774820955.6308515,no,0,16.34,43.01%
0,Gate00,2.2916738986968994,1774820968.9849098,no,0,9.96,100.00%
1,Gate01,0.842914342880249,1774820969.827824,no,0,11.67,100.00%
2,Gate02,3.4034171104431152,1774820973.2312412,no,0,15.79,76.92%
5,Gate05,0.673130989074707,1774820973.9043722,no,0,15.84,100.00%
6,Gate06,1.5298175811767578,1774820975.4341898,no,0,14.41,73.91%
7,Gate07,1.3137366771697998,1774820976.7479265,no,0,10.82,71.43%
8,Gate08,3.4630215167999268,1774820980.210948,no,0,13.92,100.00%
10,Gate10_21,3.1188366413116455,1774820983.3297846,no,0,13.89,82.00%
11,Gate11_23,2.0543484687805176,1774820985.384133,no,0,10.53,38.24%
0,Gate00,2.171877384185791,1774821009.756781,no,0,9.64,100.00%
1,Gate01,0.9642412662506104,1774821010.7210224,no,0,11.28,100.00%
2,Gate02,3.3332948684692383,1774821014.0543172,no,0,15.52,87.76%
5,Gate05,0.6977479457855225,1774821014.7520652,no,0,15.58,100.00%
6,Gate06,0.8975038528442383,1774821015.649569,no,0,13.50,80.00%
7,Gate07,1.1400120258331299,1774821016.789581,no,0,11.97,88.89%
8,Gate08,3.737926959991455,1774821020.527508,no,0,16.08,75.86%
0,Gate00,2.1252353191375732,1774821035.5820441,no,0,10.13,62.50%
1,Gate01,0.8228874206542969,1774821036.4049315,no,0,11.59,100.00%
2,Gate02,1.177091121673584,1774821037.5820227,no,0,11.89,100.00%
3,Gate03,8.071050882339478,1774821045.6530735,no,0,16.38,88.00%
11,Gate11_23,8.891635656356812,1774821054.5447092,no,0,16.43,31.91%
0,Gate00,2.2305314540863037,1774821065.599474,no,0,10.23,84.38%
1,Gate01,0.8614184856414795,1774821066.4608924,no,0,11.80,91.67%
2,Gate02,3.530926465988159,1774821069.991819,no,0,15.62,84.21%
5,Gate05,0.6401567459106445,1774821070.6319757,no,0,15.74,100.00%
6,Gate06,9.227447032928467,1774821079.8594227,no,0,14.39,65.22%
7,Gate07,1.4561755657196045,1774821081.3155982,no,0,8.78,100.00%
8,Gate08,2.0793890953063965,1774821083.3949873,no,0,9.45,100.00%
9,Gate09,1.8046350479125977,1774821085.1996224,no,0,11.37,92.59%
10,Gate10_21,0.8817446231842041,1774821086.081367,no,0,13.15,100.00%
11,Gate11_23,0.7575697898864746,1774821086.8389368,no,0,14.31,81.82%
0,Gate00,2.1178793907165527,1774821110.8075147,no,0,9.74,3.45%
1,Gate01,0.8368690013885498,1774821111.6443837,no,0,11.32,100.00%
2,Gate02,1.1495258808135986,1774821112.7939095,no,0,11.34,100.00%
3,Gate03,1.7847044467926025,1774821114.578614,no,0,15.45,23.08%
5,Gate05,0.8127851486206055,1774821115.3913991,no,0,15.35,100.00%
6,Gate06,6.134917974472046,1774821121.5263171,no,0,16.15,79.49%
0,Gate00,2.2000017166137695,1774821136.229832,no,0,9.79,60.71%
1,Gate01,1.0049934387207031,1774821137.2348254,no,0,10.08,85.71%
2,Gate02,1.3664062023162842,1774821138.6012316,no,0,10.26,94.12%
3,Gate03,1.0697219371795654,1774821139.6709535,no,0,13.41,100.00%
4,Gate04,2.5699498653411865,1774821142.2409034,no,0,14.05,54.29%
5,Gate05,1.8104171752929688,1774821144.0513206,no,0,8.33,15.38%
6,Gate06,1.1875462532043457,1774821145.2388668,no,0,11.28,75.00%
7,Gate07,0.9307591915130615,1774821146.169626,no,0,10.85,76.92%
8,Gate08,1.2247343063354492,1774821147.3943603,no,0,9.63,100.00%
9,Gate09,1.1338133811950684,1774821148.5281737,no,0,12.24,75.00%
10,Gate10_21,0.9457101821899414,1774821149.4738839,no,0,13.73,92.31%
11,Gate11_23,1.6660346984863281,1774821151.1399186,no,0,13.50,40.91%
0,Gate00,2.4581313133239746,1774821175.0337005,no,0,9.24,82.76%
1,Gate01,35.26391363143921,1774821210.297614,no,0,9.36,68.18%
2,Gate02,1.2869675159454346,1774821211.5845816,no,0,10.24,100.00%
3,Gate03,2.220989465713501,1774821213.805571,no,0,11.12,100.00%
4,Gate04,2.12516713142395,1774821215.9307382,no,0,11.28,96.15%
5,Gate05,2.483349561691284,1774821218.4140878,no,0,9.75,55.88%
6,Gate06,1.4257621765136719,1774821219.83985,no,0,11.23,30.00%
7,Gate07,14.768914699554443,1774821234.6087646,no,0,13.30,62.39%
9,Gate09,1.4758989810943604,1774821236.0846636,no,0,10.07,100.00%
10,Gate10_21,1.9377517700195312,1774821238.0224154,no,0,11.28,66.67%
11,Gate11_23,0.87921142578125,1774821238.9016268,no,0,12.85,92.31%
0,Gate00,2.170746088027954,1774821252.7972434,no,0,9.76,86.67%
1,Gate01,0.9636945724487305,1774821253.760938,no,0,10.43,100.00%
2,Gate02,1.2207887172698975,1774821254.9817266,no,0,11.19,100.00%
3,Gate03,2.8329949378967285,1774821257.8147216,no,0,11.03,100.00%
4,Gate04,1.5450708866119385,1774821259.3597925,no,0,10.47,15.79%
5,Gate05,1.4489657878875732,1774821260.8087583,no,0,11.23,85.00%
6,Gate06,1.4759306907653809,1774821262.284689,no,0,10.30,22.73%
7,Gate07,4.046939849853516,1774821266.3316288,no,0,14.53,70.59%
10,Gate10_21,1.1801705360412598,1774821267.5117993,no,0,14.44,100.00%
11,Gate11_23,1.7679352760314941,1774821269.2797346,no,0,10.12,25.93%
0,Gate00,2.199885368347168,1774821293.2360597,no,0,10.33,54.55%
1,Gate01,0.8698599338531494,1774821294.1059196,no,0,11.69,100.00%
2,Gate02,1.047652006149292,1774821295.1535716,no,0,12.47,100.00%
3,Gate03,8.048014640808105,1774821303.2015862,no,0,16.98,62.10%
11,Gate11_23,0.6359140872955322,1774821303.8375003,no,0,16.98,50.00%
0,Gate00,2.237659215927124,1774821329.0567849,no,0,8.91,79.41%
1,Gate01,0.9840109348297119,1774821330.0407958,no,0,10.10,100.00%
2,Gate02,2.561985731124878,1774821332.6032863,no,0,13.99,90.00%
4,Gate04,0.8362019062042236,1774821333.4394882,no,0,14.15,76.92%
5,Gate05,1.192586898803711,1774821334.632075,no,0,13.98,57.89%
6,Gate06,1.7231812477111816,1774821336.3552563,no,0,9.98,22.22%
7,Gate07,2.405467987060547,1774821338.7607243,no,0,10.00,57.89%
8,Gate08,1.0033447742462158,1774821339.764069,no,0,10.54,93.33%
9,Gate09,1.1953399181365967,1774821340.959409,no,0,10.78,88.24%
0,Gate00,2.143993377685547,1774821354.4368725,no,0,9.87,89.66%
1,Gate01,2.60667085647583,1774821357.0435433,no,0,11.00,100.00%
2,Gate02,1.437248945236206,1774821358.4807923,no,0,12.12,85.71%
3,Gate03,0.9633755683898926,1774821359.4441679,no,0,12.85,69.23%
4,Gate04,8.052454710006714,1774821367.4966226,no,0,17.79,89.74%
0,Gate00,2.270433187484741,1774821391.5957022,no,0,10.76,43.75%
1,Gate01,0.7518928050994873,1774821392.347595,no,0,11.82,100.00%
2,Gate02,1.1416029930114746,1774821393.489198,no,0,12.15,100.00%
3,Gate03,8.18500566482544,1774821401.6742036,no,0,17.83,88.07%
11,Gate11_23,1.4464833736419678,1774821403.120687,no,0,15.77,100.00%
0,Gate00,2.4382283687591553,1774821415.2819498,no,0,9.04,61.11%
1,Gate01,0.8838348388671875,1774821416.1657846,no,0,11.58,38.46%
2,Gate02,3.2373411655426025,1774821419.4031258,no,0,14.69,74.47%
5,Gate05,0.69339919090271,1774821420.096525,no,0,14.84,100.00%
6,Gate06,0.8274545669555664,1774821420.9239795,no,0,13.50,25.00%
0,Gate00,2.1713461875915527,1774821440.1127682,no,0,10.40,41.94%
1,Gate01,0.81888747215271,1774821440.9316556,no,0,11.77,91.67%
2,Gate02,1.055588722229004,1774821441.9872444,no,0,12.27,100.00%
3,Gate03,0.9082756042480469,1774821442.89552,no,0,13.79,100.00%
4,Gate04,0.7903087139129639,1774821443.6858287,no,0,14.87,100.00%
5,Gate05,0.7570874691009521,1774821444.4429162,no,0,15.10,100.00%
6,Gate06,0.9658536911010742,1774821445.4087698,no,0,14.42,93.75%
7,Gate07,4.8400139808654785,1774821450.2487838,no,0,17.00,87.84%
0,Gate00,2.0965824127197266,1774821465.735679,no,0,10.15,25.00%
1,Gate01,0.874096155166626,1774821466.609775,no,0,11.64,100.00%
2,Gate02,1.1155433654785156,1774821467.7253184,no,0,11.51,100.00%
3,Gate03,2.6064937114715576,1774821470.3318121,no,0,15.96,75.61%
6,Gate06,5.457517147064209,1774821475.7893293,no,0,16.68,68.29%
11,Gate11_23,1.1544251441955566,1774821476.9437544,no,0,16.86,75.00%
0,Gate00,2.177661418914795,1774821500.4504614,no,0,9.17,100.00%
1,Gate01,0.9056158065795898,1774821501.3560772,no,0,11.55,100.00%
2,Gate02,3.569833517074585,1774821504.9259107,no,0,15.35,87.23%
5,Gate05,0.7072634696960449,1774821505.6331742,no,0,15.40,60.00%
6,Gate06,0.7622895240783691,1774821506.3954637,no,0,14.10,50.00%
0,Gate00,1.7679150104522705,1774821533.321478,no,0,9.66,100.00%
1,Gate01,0.9527697563171387,1774821534.2742476,no,0,10.99,92.31%
2,Gate02,0.9841933250427246,1774821535.258441,no,0,13.08,100.00%
3,Gate03,0.8257215023040771,1774821536.0841625,no,0,15.00,100.00%
4,Gate04,0.8433871269226074,1774821536.9275496,no,0,15.74,71.43%
5,Gate05,6.315743684768677,1774821543.2432933,no,0,16.61,85.42%
11,Gate11_23,1.6683409214019775,1774821544.9116342,no,0,16.49,55.56%
0,Gate00,2.160226821899414,1774821567.7586658,no,0,9.45,96.77%
0,Gate00,2.2385010719299316,1774821749.2776847,no,0,10.26,100.00%
1,Gate01,0.889937162399292,1774821750.1676219,no,0,11.81,100.00%
2,Gate02,12.245118856430054,1774821762.4127407,no,0,16.84,87.41%
6,Gate06,1.5622069835662842,1774821763.9749477,no,0,10.11,75.00%
7,Gate07,2.990501880645752,1774821766.9654496,no,0,10.90,79.17%
8,Gate08,3.683210611343384,1774821770.6486602,no,0,16.10,94.44%
11,Gate11_23,1.7290802001953125,1774821772.3777404,no,0,17.22,65.52%
0,Gate00,2.410325765609741,1774821796.034794,no,0,10.07,78.79%
1,Gate01,1.0117292404174805,1774821797.0465233,no,0,12.67,33.33%
2,Gate02,3.5498440265655518,1774821800.5963674,no,0,13.28,100.00%
4,Gate04,3.0344913005828857,1774821803.6308587,no,0,14.23,91.30%
6,Gate06,2.264955759048462,1774821805.8958144,no,0,12.00,93.33%
7,Gate07,10.546054601669312,1774821816.441869,no,0,8.47,28.18%
8,Gate08,1.2643046379089355,1774821817.7061737,no,0,10.03,100.00%
9,Gate09,2.063398599624634,1774821819.7695723,no,0,15.41,90.00%
11,Gate11_23,2.248825788497925,1774821822.018398,no,0,15.92,100.00%
0,Gate00,2.1644670963287354,1774821834.1094272,no,0,9.09,88.24%
1,Gate01,0.9092621803283691,1774821835.0186894,no,0,11.99,100.00%
2,Gate02,4.850751638412476,1774821839.869441,no,0,15.42,46.67%
5,Gate05,1.6766302585601807,1774821841.5460713,no,0,10.32,0.00%
0,Gate00,2.175783157348633,1774821860.3164833,no,0,11.07,45.16%
1,Gate01,9.293119668960571,1774821869.609603,no,0,12.81,5.62%
2,Gate02,1.2538750171661377,1774821870.863478,no,0,10.85,100.00%
3,Gate03,1.014061689376831,1774821871.8775396,no,0,11.89,100.00%
4,Gate04,0.8486671447753906,1774821872.7262068,no,0,13.23,50.00%
5,Gate05,0.7685089111328125,1774821873.4947157,no,0,13.34,81.82%
6,Gate06,6.05687952041626,1774821879.5515952,no,0,17.76,95.60%
0,Gate00,2.242424964904785,1774821902.2022326,no,0,10.19,100.00%
1,Gate01,0.9893815517425537,1774821903.1916142,no,0,11.37,100.00%
2,Gate02,10.933399438858032,1774821914.1250136,no,0,17.87,84.71%
10,Gate10_21,1.3387939929962158,1774821915.4638076,no,0,11.99,95.00%
11,Gate11_23,0.8922567367553711,1774821916.3560643,no,0,12.10,100.00%
0,Gate00,9.247870922088623,1774821934.8815076,no,0,10.26,56.98%
1,Gate01,1.317795991897583,1774821936.1993036,no,0,10.52,52.94%
2,Gate02,3.338191270828247,1774821939.537495,no,0,15.01,79.17%
5,Gate05,0.7684457302093506,1774821940.3059406,no,0,15.07,41.67%
6,Gate06,0.9533970355987549,1774821941.2593377,no,0,13.01,38.46%
7,Gate07,4.4191789627075195,1774821945.6785166,no,0,15.54,83.87%
11,Gate11_23,0.653156042098999,1774821946.3316727,no,0,15.63,90.00%
0,Gate00,2.3515830039978027,1774821961.3873138,no,0,10.49,96.97%
1,Gate01,3.6513381004333496,1774821965.038652,no,0,12.09,97.96%
0,Gate00,2.3270697593688965,1774822110.322499,no,0,9.37,86.49%
1,Gate01,8.858684778213501,1774822119.1811838,no,0,11.36,25.25%
2,Gate02,1.3149075508117676,1774822120.4960914,no,0,10.38,100.00%
3,Gate03,1.063192367553711,1774822121.5592837,no,0,11.16,100.00%
4,Gate04,0.9788365364074707,1774822122.5381203,no,0,12.40,88.24%
5,Gate05,0.8343312740325928,1774822123.3724515,no,0,12.00,100.00%
6,Gate06,1.1416029930114746,1774822124.5140545,no,0,12.01,89.47%
0,Gate00,2.217972993850708,1774822141.2379842,no,0,9.82,52.78%
1,Gate01,0.8347682952880859,1774822142.0727525,no,0,11.67,100.00%
2,Gate02,1.1960694789886475,1774822143.268822,no,0,11.72,90.00%
0,Gate00,2.1174492835998535,1774822163.5045593,no,0,10.33,61.76%
1,Gate01,0.8650834560394287,1774822164.3696427,no,0,11.18,100.00%
2,Gate02,0.9751396179199219,1774822165.3447824,no,0,13.14,100.00%
3,Gate03,0.8447659015655518,1774822166.1895483,no,0,15.41,100.00%
4,Gate04,7.153817176818848,1774822173.3433654,no,0,16.67,89.92%
11,Gate11_23,1.9651811122894287,1774822175.3085465,no,0,10.61,59.38%
0,Gate00,2.0491769313812256,1774822198.9619565,no,0,9.85,93.55%
1,Gate01,0.8363595008850098,1774822199.798316,no,0,11.79,92.86%
2,Gate02,4.317713260650635,1774822204.1160293,no,0,16.41,92.42%
6,Gate06,8.955718278884888,1774822213.0717475,no,0,15.47,51.58%
7,Gate07,1.2962133884429932,1774822214.367961,no,0,9.59,100.00%
8,Gate08,1.105708122253418,1774822215.473669,no,0,9.77,100.00%
9,Gate09,1.0584924221038818,1774822216.5321615,no,0,13.13,83.33%
10,Gate10_21,0.8583729267120361,1774822217.3905344,no,0,14.57,100.00%
11,Gate11_23,0.6412456035614014,1774822218.03178,no,0,14.46,63.64%
0,Gate00,9.365626811981201,1774822238.7706785,no,0,9.17,67.37%
1,Gate01,1.205836296081543,1774822239.9765148,no,0,10.04,95.00%
2,Gate02,2.7447924613952637,1774822242.7213073,no,0,12.76,100.00%
4,Gate04,0.785205602645874,1774822243.5065129,no,0,13.75,50.00%
5,Gate05,0.8863556385040283,1774822244.3928685,no,0,13.02,86.67%
6,Gate06,5.484992504119873,1774822249.877861,no,0,15.48,87.64%
11,Gate11_23,0.6695551872253418,1774822250.5474162,no,0,15.54,63.64%
0,Gate00,2.20955753326416,1774822266.088768,no,0,10.47,0.00%
1,Gate01,0.8025035858154297,1774822266.8912716,no,0,11.70,0.00%
2,Gate02,9.293338775634766,1774822276.1846104,no,0,16.78,63.16%
11,Gate11_23,0.6068077087402344,1774822276.791418,no,0,16.83,0.00%
0,Gate00,2.214153528213501,1774822302.037616,no,0,9.95,97.06%
1,Gate01,0.9338822364807129,1774822302.9714983,no,0,11.97,92.86%
2,Gate02,4.026296377182007,1774822306.9977946,no,0,16.99,81.82%
6,Gate06,8.198313474655151,1774822315.196108,no,0,18.45,93.89%
0,Gate00,1.9084668159484863,1774822338.5888155,no,0,9.63,100.00%
1,Gate01,0.8692560195922852,1774822339.4580715,no,0,11.47,100.00%
2,Gate02,9.953084945678711,1774822349.4111564,no,0,17.00,80.79%
0,Gate00,2.3249223232269287,1774822375.6403487,no,0,8.57,97.44%
1,Gate01,0.9264998435974121,1774822376.5668485,no,0,10.91,93.33%
2,Gate02,3.3373470306396484,1774822379.9041955,no,0,14.45,100.00%
5,Gate05,0.7503340244293213,1774822380.6545296,no,0,14.55,100.00%
6,Gate06,1.551433801651001,1774822382.2059634,no,0,13.71,80.77%
7,Gate07,2.3014423847198486,1774822384.5074058,no,0,8.86,78.38%
8,Gate08,1.4472670555114746,1774822385.9546728,no,0,8.97,95.83%
9,Gate09,3.665870428085327,1774822389.6205432,no,0,10.66,85.25%
10,Gate10_21,1.7767019271850586,1774822391.3972452,no,0,10.13,68.97%
11,Gate11_23,2.33923602104187,1774822393.7364812,no,0,11.58,100.00%
0,Gate00,2.2742416858673096,1774822418.0247934,no,0,9.89,72.97%
1,Gate01,0.9828367233276367,1774822419.00763,no,0,11.13,46.67%
2,Gate02,1.7525594234466553,1774822420.7601895,no,0,10.66,0.00%
3,Gate03,0.9020576477050781,1774822421.6622472,no,0,13.49,33.33%
4,Gate04,0.8987109661102295,1774822422.5609581,no,0,13.08,100.00%
5,Gate05,0.8983726501464844,1774822423.4593308,no,0,12.49,73.33%
6,Gate06,1.0574085712432861,1774822424.5167394,no,0,12.92,100.00%
0,Gate00,2.17803692817688,1774822446.414407,no,0,9.65,19.44%
1,Gate01,0.9872150421142578,1774822447.401622,no,0,11.14,100.00%
2,Gate02,1.0361757278442383,1774822448.4377978,no,0,10.96,100.00%
3,Gate03,1.00958251953125,1774822449.4473803,no,0,13.29,100.00%
4,Gate04,0.7964911460876465,1774822450.2438715,no,0,14.14,46.15%
5,Gate05,0.6969120502471924,1774822450.9407835,no,0,13.90,50.00%
6,Gate06,1.2194011211395264,1774822452.1601846,no,0,12.93,90.00%
7,Gate07,3.4190738201141357,1774822455.5792584,no,0,14.56,94.34%
10,Gate10_21,0.8072667121887207,1774822456.3865252,no,0,14.87,100.00%
11,Gate11_23,0.7481570243835449,1774822457.1346822,no,0,14.89,58.33%
0,Gate00,2.3485217094421387,1774822471.2243657,no,0,9.41,100.00%
1,Gate01,0.894536018371582,1774822472.1189017,no,0,10.67,100.00%
2,Gate02,1.304429531097412,1774822473.4233313,no,0,11.07,100.00%
3,Gate03,1.05014967918396,1774822474.473481,no,0,12.93,100.00%
4,Gate04,0.8306372165679932,1774822475.3041182,no,0,13.95,35.71%
5,Gate05,0.7508363723754883,1774822476.0549545,no,0,13.91,100.00%
6,Gate06,1.1334125995635986,1774822477.1883671,no,0,12.09,45.00%
0,Gate00,2.247936725616455,1774822553.0103538,no,0,9.92,76.47%
1,Gate01,0.8702480792999268,1774822553.880602,no,0,11.43,92.86%
2,Gate02,4.087584018707275,1774822557.968186,no,0,16.24,56.67%
6,Gate06,0.8392109870910645,1774822558.807397,no,0,15.42,69.23%
0,Gate00,2.1440412998199463,1774822577.2263198,no,0,10.61,70.37%
1,Gate01,0.9112958908081055,1774822578.1376157,no,0,11.56,100.00%
2,Gate02,1.375255823135376,1774822579.5128715,no,0,11.29,66.67%
3,Gate03,1.1980056762695312,1774822580.7108772,no,0,11.37,80.00%
4,Gate04,1.9245820045471191,1774822582.6354592,no,0,14.18,20.00%
6,Gate06,0.8747820854187012,1774822583.5102413,no,0,13.99,61.54%
0,Gate00,2.108379602432251,1774822603.6809976,no,0,10.17,72.73%
1,Gate01,0.8509202003479004,1774822604.5319178,no,0,11.76,100.00%
2,Gate02,1.0984265804290771,1774822605.6303444,no,0,12.53,100.00%
3,Gate03,7.867644309997559,1774822613.4979887,no,0,17.07,69.92%
11,Gate11_23,9.08870244026184,1774822622.5866911,no,0,16.66,48.94%
0,Gate00,2.213360548019409,1774822633.5102127,no,0,9.93,79.41%
1,Gate01,0.9166202545166016,1774822634.426833,no,0,11.41,38.46%
2,Gate02,4.026289463043213,1774822638.4531224,no,0,16.23,74.60%
6,Gate06,0.8760261535644531,1774822639.3291485,no,0,14.69,100.00%
0,Gate00,2.1068098545074463,1774822656.894202,no,0,10.51,84.85%
1,Gate01,0.8799464702606201,1774822657.7741485,no,0,11.25,100.00%
2,Gate02,1.0596892833709717,1774822658.8338377,no,0,13.02,100.00%
3,Gate03,0.9155173301696777,1774822659.749355,no,0,13.39,100.00%
4,Gate04,0.8428840637207031,1774822660.5922391,no,0,13.66,21.43%
5,Gate05,1.653724193572998,1774822662.2459633,no,0,13.92,100.00%
6,Gate06,2.088819980621338,1774822664.3347833,no,0,8.09,96.88%
7,Gate07,1.2945489883422852,1774822665.6293323,no,0,10.15,100.00%
8,Gate08,0.846611738204956,1774822666.475944,no,0,10.29,100.00%
9,Gate09,1.2028183937072754,1774822667.6787624,no,0,10.99,94.44%
10,Gate10_21,2.3196604251861572,1774822669.9984229,no,0,12.32,100.00%
11,Gate11_23,1.6074321269989014,1774822671.605855,no,0,9.81,85.19%
0,Gate00,2.236103057861328,1774823295.8094807,no,0,10.45,94.74%
1,Gate01,9.001066446304321,1774823304.810547,no,0,11.48,34.34%
2,Gate02,1.4086177349090576,1774823306.2191648,no,0,10.12,25.00%
3,Gate03,1.060434341430664,1774823307.2795992,no,0,11.05,100.00%
4,Gate04,0.9173827171325684,1774823308.196982,no,0,11.43,93.75%
5,Gate05,0.9087245464324951,1774823309.1057065,no,0,11.24,100.00%
6,Gate06,1.1603128910064697,1774823310.2660193,no,0,11.59,90.00%
7,Gate07,4.967087268829346,1774823315.2331066,no,0,14.80,73.81%
0,Gate00,2.3033089637756348,1774823327.681878,no,0,8.94,68.42%
1,Gate01,1.4338653087615967,1774823329.1157434,no,0,11.77,88.00%
2,Gate02,1.5071735382080078,1774823330.622917,no,0,11.87,100.00%
3,Gate03,12.184355020523071,1774823342.807272,no,0,15.16,48.39%
7,Gate07,1.401447057723999,1774823344.208719,no,0,9.63,100.00%
8,Gate08,1.1078174114227295,1774823345.3165364,no,0,11.19,100.00%
9,Gate09,0.9839861392974854,1774823346.3005226,no,0,13.52,88.24%
10,Gate10_21,0.8233809471130371,1774823347.1239035,no,0,14.68,100.00%
11,Gate11_23,0.6302614212036133,1774823347.754165,no,0,14.48,90.91%
0,Gate00,2.0975894927978516,1774823356.2013125,no,0,10.27,86.11%
1,Gate01,0.7925457954406738,1774823356.9938583,no,0,12.26,100.00%
2,Gate02,1.0428872108459473,1774823358.0367455,no,0,12.62,100.00%
3,Gate03,7.988998889923096,1774823366.0257444,no,0,17.31,87.14%
11,Gate11_23,1.4464213848114014,1774823367.4721658,no,0,16.22,80.00%
0,Gate00,2.125040292739868,1774823378.3975954,no,0,10.40,77.78%
1,Gate01,0.8775217533111572,1774823379.2751172,no,0,11.98,93.33%
2,Gate02,9.13952374458313,1774823388.414641,no,0,16.79,68.99%
11,Gate11_23,0.6357653141021729,1774823389.0504062,no,0,17.60,63.64%
0,Gate00,2.065098524093628,1774823412.5893748,no,0,10.21,41.67%
1,Gate01,0.849168062210083,1774823413.4385428,no,0,12.35,33.33%
2,Gate02,4.126211404800415,1774823417.5647542,no,0,16.31,58.33%
6,Gate06,0.8185715675354004,1774823418.3833258,no,0,15.23,78.57%
0,Gate00,2.0929973125457764,1774823435.9579844,no,0,10.79,83.33%
1,Gate01,0.821533203125,1774823436.7795177,no,0,12.38,100.00%
2,Gate02,1.03419828414917,1774823437.813716,no,0,12.37,100.00%
3,Gate03,0.8879835605621338,1774823438.7016995,no,0,13.96,100.00%
4,Gate04,0.8031432628631592,1774823439.5048428,no,0,15.64,85.71%
5,Gate05,0.7740168571472168,1774823440.2788596,no,0,15.95,100.00%
6,Gate06,5.2566139698028564,1774823445.5354736,no,0,17.26,86.67%
11,Gate11_23,2.7354722023010254,1774823448.2709458,no,0,17.64,60.00%
0,Gate00,1.8778274059295654,1774823461.8682485,no,0,9.11,78.12%
1,Gate01,8.919832944869995,1774823470.7880814,no,0,11.06,37.76%
2,Gate02,1.3055546283721924,1774823472.093636,no,0,10.38,95.45%
3,Gate03,2.6313273906707764,1774823474.7249634,no,0,11.33,90.91%
4,Gate04,1.412754774093628,1774823476.1377182,no,0,11.57,4.17%
0,Gate00,9.18633222579956,1774823504.1123405,no,0,9.17,47.42%
1,Gate01,9.370252132415771,1774823513.4825926,no,0,10.04,28.87%
2,Gate02,8.952662706375122,1774823522.4352553,no,0,10.70,69.39%
3,Gate03,1.3045463562011719,1774823523.7407994,no,0,10.93,95.65%
4,Gate04,0.8860800266265869,1774823524.6268795,no,0,12.48,87.50%
5,Gate05,1.9635193347930908,1774823526.5903988,no,0,12.70,100.00%
6,Gate06,1.3375356197357178,1774823527.9279344,no,0,11.19,68.18%
7,Gate07,3.3682451248168945,1774823531.2961795,no,0,12.73,89.66%
9,Gate09,1.794224739074707,1774823533.0904043,no,0,13.19,100.00%
10,Gate10_21,1.1689248085021973,1774823534.259329,no,0,11.85,23.81%
11,Gate11_23,0.7363483905792236,1774823534.9956775,no,0,14.02,38.46%
0,Gate00,2.234847068786621,1774823544.3052351,no,0,10.13,91.89%
1,Gate01,0.8963353633880615,1774823545.2015705,no,0,11.39,53.33%
2,Gate02,1.1670277118682861,1774823546.3685982,no,0,11.75,100.00%
3,Gate03,1.769099473953247,1774823548.1376977,no,0,15.20,16.67%
5,Gate05,0.8317983150482178,1774823548.969496,no,0,14.78,100.00%
6,Gate06,0.9741792678833008,1774823549.9436753,no,0,12.74,0.00%
7,Gate07,1.1140358448028564,1774823551.0577111,no,0,12.01,89.47%
8,Gate08,2.9835269451141357,1774823554.041238,no,0,15.10,80.39%
11,Gate11_23,0.7275700569152832,1774823554.7688081,no,0,15.40,53.85%
0,Gate00,2.0702085494995117,1774823566.1781514,no,0,9.99,74.29%
1,Gate01,0.8596546649932861,1774823567.037806,no,0,12.44,100.00%
2,Gate02,4.246747255325317,1774823571.2845533,no,0,15.36,71.23%
6,Gate06,0.7914094924926758,1774823572.0759628,no,0,15.04,64.29%
7,Gate07,0.9108827114105225,1774823572.9868455,no,0,13.34,100.00%
0,Gate00,3.096130132675171,1774823603.3465624,no,0,7.47,41.51%
1,Gate01,1.061929702758789,1774823604.408492,no,0,11.30,47.37%
2,Gate02,3.0830254554748535,1774823607.4915175,no,0,15.78,77.78%
5,Gate05,0.7459249496459961,1774823608.2374425,no,0,15.90,78.57%
6,Gate06,0.9183433055877686,1774823609.1557858,no,0,14.97,50.00%
7,Gate07,4.369251728057861,1774823613.5250375,no,0,17.30,96.00%
11,Gate11_23,3.4632067680358887,1774823616.9882443,no,0,17.54,49.12%
0,Gate00,2.081397533416748,1774823644.4488637,no,0,9.64,100.00%
1,Gate01,1.3860259056091309,1774823645.8348897,no,0,11.34,100.00%
2,Gate02,1.8823671340942383,1774823647.7172568,no,0,10.29,100.00%
3,Gate03,1.0344154834747314,1774823648.7516723,no,0,11.94,100.00%
4,Gate04,0.9072408676147461,1774823649.6589131,no,0,12.09,37.50%
5,Gate05,0.9580438137054443,1774823650.616957,no,0,11.91,93.75%
6,Gate06,1.2352917194366455,1774823651.8522487,no,0,10.88,85.71%
7,Gate07,1.1185767650604248,1774823652.9708254,no,0,11.60,100.00%
8,Gate08,0.9544277191162109,1774823653.9252532,no,0,13.15,100.00%
0,Gate00,2.064389228820801,1774823668.2805183,no,0,10.26,77.78%
1,Gate01,0.8862168788909912,1774823669.1667352,no,0,11.97,100.00%
2,Gate02,1.0677804946899414,1774823670.2345157,no,0,12.47,100.00%
3,Gate03,0.8835113048553467,1774823671.118027,no,0,14.67,100.00%
4,Gate04,6.570272207260132,1774823677.6882992,no,0,16.21,77.19%
10,Gate10_21,0.7740192413330078,1774823678.4623184,no,0,16.43,100.00%
11,Gate11_23,1.7305679321289062,1774823680.1928864,no,0,10.25,100.00%
0,Gate00,9.112025499343872,1774823694.9776447,no,0,9.70,98.96%
1,Gate01,1.7194406986236572,1774823696.6970854,no,0,10.68,100.00%
2,Gate02,1.3996918201446533,1774823698.0967772,no,0,11.72,96.00%
3,Gate03,8.71221375465393,1774823706.808991,no,0,16.58,90.54%
11,Gate11_23,1.8533148765563965,1774823708.6623058,no,0,17.75,64.52%
0,Gate00,2.0142645835876465,1774823721.1146286,no,0,9.76,73.53%
1,Gate01,0.9011096954345703,1774823722.0157382,no,0,12.29,31.25%
2,Gate02,7.157949924468994,1774823729.1736882,no,0,16.74,37.82%
6,Gate06,95.53445386886597,1774823824.708142,no,0,15.46,32.42%
10,Gate10_21,3.641237258911133,1774823828.3493793,no,0,15.60,59.02%
11,Gate11_23,1.2293202877044678,1774823829.5786996,no,0,11.28,71.43%
0,Gate00,2.2663843631744385,1774823837.4301577,no,0,10.00,97.30%
1,Gate01,0.8075852394104004,1774823838.237743,no,0,11.73,100.00%
2,Gate02,1.075730800628662,1774823839.3134737,no,0,12.29,100.00%
3,Gate03,8.084513187408447,1774823847.397987,no,0,16.11,76.09%
11,Gate11_23,0.6008524894714355,1774823847.9988394,no,0,16.61,72.73%
0,Gate00,2.132394790649414,1774823872.3987274,no,0,10.01,80.56%
1,Gate01,0.8502731323242188,1774823873.2490005,no,0,11.95,6.67%
2,Gate02,2.180588960647583,1774823875.4295895,no,0,10.93,59.46%
3,Gate03,1.1022467613220215,1774823876.5318363,no,0,11.63,84.21%
4,Gate04,10.1154305934906,1774823886.6472669,no,0,12.69,24.17%
6,Gate06,1.3362390995025635,1774823887.983506,no,0,9.90,26.09%
7,Gate07,1.1610956192016602,1774823889.1446016,no,0,9.88,100.00%
8,Gate08,1.1244840621948242,1774823890.2690856,no,0,11.96,75.00%
9,Gate09,0.9582061767578125,1774823891.2272918,no,0,13.16,88.24%
10,Gate10_21,2.3517162799835205,1774823893.579008,no,0,14.42,100.00%
11,Gate11_23,1.418172836303711,1774823894.997181,no,0,9.94,0.00%
0,Gate00,2.09173846244812,1774823905.5124028,no,0,10.47,0.00%
1,Gate01,0.898942232131958,1774823906.411345,no,0,10.95,25.00%
2,Gate02,1.208979845046997,1774823907.6203249,no,0,11.16,100.00%
3,Gate03,1.3766441345214844,1774823908.996969,no,0,11.99,100.00%
4,Gate04,1.64593505859375,1774823910.642904,no,0,12.19,22.22%
5,Gate05,4.841771125793457,1774823915.4846752,no,0,14.40,76.74%
9,Gate09,3.3967344760894775,1774823918.8814096,no,0,13.06,74.14%
11,Gate11_23,1.2312188148498535,1774823920.1126285,no,0,11.03,0.00%
0,Gate00,1.9361026287078857,1774823927.1819482,no,0,9.72,66.67%
1,Gate01,0.9554088115692139,1774823928.137357,no,0,11.15,100.00%
2,Gate02,0.9776880741119385,1774823929.115045,no,0,12.10,100.00%
3,Gate03,1.561415433883667,1774823930.6764605,no,0,11.07,88.89%
4,Gate04,1.813957929611206,1774823932.4904184,no,0,12.76,70.97%
5,Gate05,1.509577989578247,1774823933.9999964,no,0,9.94,23.08%
6,Gate06,0.9793670177459717,1774823934.9793634,no,0,11.76,100.00%
7,Gate07,1.1002802848815918,1774823936.0796437,no,0,11.34,100.00%
8,Gate08,1.2492713928222656,1774823937.328915,no,0,11.67,100.00%
9,Gate09,0.9128508567810059,1774823938.241766,no,0,13.64,100.00%
10,Gate10_21,2.880110502243042,1774823941.1218765,no,0,15.02,83.67%
0,Gate00,2.302163600921631,1774823951.8116643,no,0,10.08,97.37%
1,Gate01,0.80196213722229,1774823952.6136265,no,0,12.66,100.00%
2,Gate02,4.302689075469971,1774823956.9163156,no,0,16.78,86.49%
6,Gate06,9.14749002456665,1774823966.0638056,no,0,15.90,49.48%
7,Gate07,8.71908688545227,1774823974.7828925,no,0,9.27,90.72%
8,Gate08,1.3732194900512695,1774823976.156112,no,0,9.47,100.00%
9,Gate09,1.2274487018585205,1774823977.3835607,no,0,11.72,100.00%
10,Gate10_21,2.094846725463867,1774823979.4784074,no,0,14.05,88.89%
11,Gate11_23,1.2203688621520996,1774823980.6987762,no,0,11.00,100.00%
0,Gate00,2.308069944381714,1774823986.9069686,no,0,9.73,21.05%
1,Gate01,0.8095216751098633,1774823987.7164903,no,0,12.35,92.86%
2,Gate02,1.0626459121704102,1774823988.7791362,no,0,13.85,52.63%
3,Gate03,3.4752442836761475,1774823992.2543805,no,0,15.73,94.92%
6,Gate06,9.295829057693481,1774824001.5502095,no,0,11.32,34.69%
7,Gate07,1.3926222324371338,1774824002.9428318,no,0,9.73,72.00%
8,Gate08,1.0299477577209473,1774824003.9727795,no,0,11.01,94.44%
9,Gate09,0.9774510860443115,1774824004.9502306,no,0,12.91,76.47%
10,Gate10_21,3.2079851627349854,1774824008.1582158,no,0,11.85,57.69%
11,Gate11_23,2.135221481323242,1774824010.2934372,no,0,9.64,72.22%
0,Gate00,1.9660143852233887,1774824016.9361992,no,0,9.93,0.00%
1,Gate01,9.40932035446167,1774824026.3455195,no,0,11.12,44.33%
2,Gate02,1.2632744312286377,1774824027.608794,no,0,10.32,90.91%
3,Gate03,1.0778522491455078,1774824028.6866462,no,0,11.19,100.00%
4,Gate04,0.9001984596252441,1774824029.5868447,no,0,12.60,31.25%
5,Gate05,0.8247988224029541,1774824030.4116435,no,0,12.44,80.00%
6,Gate06,1.0908010005950928,1774824031.5024445,no,0,11.27,57.89%
7,Gate07,1.2239720821380615,1774824032.7264166,no,0,11.69,100.00%
0,Gate00,2.1026110649108887,1774824048.0702224,no,0,10.30,100.00%
1,Gate01,0.8434596061706543,1774824048.913682,no,0,11.47,93.33%
2,Gate02,1.0881524085998535,1774824050.0018344,no,0,12.21,100.00%
3,Gate03,0.9032833576202393,1774824050.9051178,no,0,13.77,100.00%
4,Gate04,0.8116297721862793,1774824051.7167475,no,0,15.02,28.57%
5,Gate05,0.7372736930847168,1774824052.4540212,no,0,15.10,100.00%
6,Gate06,0.9423515796661377,1774824053.3963728,no,0,13.81,81.25%
7,Gate07,4.394155263900757,1774824057.790528,no,0,15.76,94.74%
11,Gate11_23,0.6677947044372559,1774824058.4583228,no,0,16.03,100.00%
0,Gate00,2.1305525302886963,1774824068.7081366,no,0,10.22,77.78%
1,Gate01,0.9284789562225342,1774824069.6366155,no,0,11.21,88.24%
2,Gate02,1.0391929149627686,1774824070.6758084,no,0,12.35,100.00%
3,Gate03,0.9303271770477295,1774824071.6061356,no,0,14.01,100.00%
4,Gate04,0.7506661415100098,1774824072.3568017,no,0,15.15,21.43%
5,Gate05,0.757443904876709,1774824073.1142457,no,0,15.26,100.00%
6,Gate06,5.646192789077759,1774824078.7604384,no,0,16.67,51.02%
11,Gate11_23,1.7281110286712646,1774824080.4885495,no,0,11.45,46.67%
0,Gate00,2.0887956619262695,1774824091.356933,no,0,10.18,97.22%
1,Gate01,0.8404707908630371,1774824092.197404,no,0,11.87,100.00%
2,Gate02,1.1805896759033203,1774824093.3779936,no,0,12.14,100.00%
3,Gate03,7.860026597976685,1774824101.2380202,no,0,17.17,83.09%
11,Gate11_23,0.5902109146118164,1774824101.828231,no,0,17.51,80.00%
0,Gate00,2.149874210357666,1774824115.0872967,no,0,10.49,100.00%
1,Gate01,0.8410446643829346,1774824115.9283414,no,0,11.54,100.00%
2,Gate02,1.1445972919464111,1774824117.0729387,no,0,12.06,100.00%
3,Gate03,1.7629318237304688,1774824118.8358705,no,0,15.79,77.42%
5,Gate05,0.7278532981872559,1774824119.5637238,no,0,16.02,92.31%
6,Gate06,5.483427047729492,1774824125.0471509,no,0,16.95,87.23%
11,Gate11_23,2.3417181968688965,1774824127.388869,no,0,15.70,95.00%
0,Gate00,2.1110403537750244,1774824151.3889647,no,0,10.05,88.57%
1,Gate01,0.8846213817596436,1774824152.273586,no,0,11.97,100.00%
2,Gate02,4.089081525802612,1774824156.3626676,no,0,16.11,67.14%
6,Gate06,0.8430759906768799,1774824157.2057436,no,0,14.90,33.33%
0,Gate00,2.069312572479248,1774824174.8913147,no,0,10.31,58.33%
1,Gate01,0.8388931751251221,1774824175.730208,no,0,11.79,100.00%
2,Gate02,1.0813605785369873,1774824176.8115685,no,0,11.54,100.00%
3,Gate03,1.0098927021026611,1774824177.8214612,no,0,12.51,100.00%
4,Gate04,0.8588464260101318,1774824178.6803076,no,0,13.50,26.67%
5,Gate05,0.7606303691864014,1774824179.440938,no,0,13.55,38.46%
6,Gate06,1.1457290649414062,1774824180.586667,no,0,12.84,60.00%
7,Gate07,4.316632270812988,1774824184.9032993,no,0,15.58,69.33%
11,Gate11_23,0.8171732425689697,1774824185.7204726,no,0,13.32,100.00%
0,Gate00,2.0587103366851807,1774824198.4812884,no,0,9.44,96.97%
1,Gate01,0.9433088302612305,1774824199.4245973,no,0,11.28,88.24%
2,Gate02,8.935492515563965,1774824208.3600898,no,0,10.88,69.70%
3,Gate03,1.3722388744354248,1774824209.7323287,no,0,10.33,100.00%
4,Gate04,0.9826481342315674,1774824210.7149768,no,0,11.70,100.00%
5,Gate05,0.8057208061218262,1774824211.5206976,no,0,11.77,100.00%
6,Gate06,1.0187735557556152,1774824212.5394711,no,0,11.41,82.35%
7,Gate07,1.1386468410491943,1774824213.678118,no,0,11.70,100.00%
0,Gate00,2.109010696411133,1774824228.2603898,no,0,10.49,80.56%
1,Gate01,0.8074030876159668,1774824229.067793,no,0,12.24,78.57%
2,Gate02,0.9988651275634766,1774824230.066658,no,0,12.50,100.00%
3,Gate03,0.8710768222808838,1774824230.9377348,no,0,14.75,100.00%
4,Gate04,0.7873632907867432,1774824231.7250981,no,0,15.30,42.86%
5,Gate05,0.7990660667419434,1774824232.5241642,no,0,15.44,92.86%
6,Gate06,5.333960056304932,1774824237.8581243,no,0,16.54,90.22%
11,Gate11_23,2.2686805725097656,1774824240.1268048,no,0,16.99,76.92%
0,Gate00,2.0962917804718018,1774824250.697904,no,0,9.75,71.43%
1,Gate01,8.917014598846436,1774824259.6149187,no,0,11.29,41.24%
2,Gate02,1.2970452308654785,1774824260.911964,no,0,10.29,86.36%
3,Gate03,2.687004327774048,1774824263.5989683,no,0,11.17,89.13%
4,Gate04,1.4623973369598389,1774824265.0613656,no,0,11.09,50.00%
5,Gate05,11.244786500930786,1774824276.306152,no,0,11.20,38.17%
7,Gate07,1.6484920978546143,1774824277.9546442,no,0,9.07,100.00%
8,Gate08,1.2598145008087158,1774824279.2144587,no,0,10.17,45.45%
9,Gate09,3.364279270172119,1774824282.578738,no,0,15.26,29.31%
0,Gate00,2.130455732345581,1774824293.037177,no,0,10.13,27.78%
1,Gate01,0.8030569553375244,1774824293.840234,no,0,12.06,100.00%
2,Gate02,12.195930004119873,1774824306.036164,no,0,16.75,89.71%
11,Gate11_23,3.7144999504089355,1774824309.750664,no,0,10.13,42.86%
0,Gate00,2.7688918113708496,1774824336.3013089,no,0,8.85,100.00%
1,Gate01,1.7458102703094482,1774824338.0471191,no,0,10.59,86.67%
2,Gate02,1.0100791454315186,1774824339.0571983,no,0,13.43,100.00%
3,Gate03,9.23551082611084,1774824348.292709,no,0,14.03,57.14%
4,Gate04,1.362617015838623,1774824349.6553261,no,0,10.35,100.00%
5,Gate05,1.0600173473358154,1774824350.7153435,no,0,10.61,100.00%
6,Gate06,1.2195613384246826,1774824351.9349048,no,0,9.73,71.43%
7,Gate07,1.7682864665985107,1774824353.7031913,no,0,10.52,96.77%
8,Gate08,1.294093132019043,1774824354.9972844,no,0,9.91,68.18%
9,Gate09,2.976208209991455,1774824357.9734926,no,0,10.08,96.00%
10,Gate10_21,2.9648277759552,1774824360.9383204,no,0,10.52,76.47%
11,Gate11_23,1.386364459991455,1774824362.3246849,no,0,9.71,0.00%
0,Gate00,2.5559329986572266,1774824369.747807,no,0,8.24,60.47%
1,Gate01,1.0034325122833252,1774824370.7512395,no,0,10.97,33.33%
2,Gate02,1.2835748195648193,1774824372.0348144,no,0,10.84,100.00%
3,Gate03,1.0470225811004639,1774824373.081837,no,0,12.37,100.00%
4,Gate04,0.8869397640228271,1774824373.9687767,no,0,13.30,25.00%
5,Gate05,0.770021915435791,1774824374.7387986,no,0,13.30,23.08%
6,Gate06,5.536194562911987,1774824380.2749932,no,0,16.74,80.21%
11,Gate11_23,0.6152400970458984,1774824380.8902333,no,0,16.67,0.00%
0,Gate00,2.325155019760132,1774824393.198002,no,0,8.63,80.00%
1,Gate01,1.1123571395874023,1774824394.3103592,no,0,9.35,100.00%
2,Gate02,1.4442877769470215,1774824395.754647,no,0,9.77,100.00%
3,Gate03,2.8083367347717285,1774824398.5629838,no,0,10.06,100.00%
4,Gate04,1.9132146835327148,1774824400.4761984,no,0,10.25,48.48%
5,Gate05,8.880393505096436,1774824409.356592,no,0,10.39,47.96%
6,Gate06,1.9257981777191162,1774824411.28239,no,0,9.25,90.62%
7,Gate07,1.4326748847961426,1774824412.715065,no,0,9.68,68.00%
8,Gate08,4.373486280441284,1774824417.0885513,no,0,10.81,75.34%
10,Gate10_21,1.7115371227264404,1774824418.8000884,no,0,10.38,79.31%
11,Gate11_23,0.8455681800842285,1774824419.6456566,no,0,12.08,33.33%
0,Gate00,2.1012654304504395,1774824443.3429837,no,0,9.73,63.89%
1,Gate01,0.9330630302429199,1774824444.2760468,no,0,10.86,100.00%
2,Gate02,3.221829652786255,1774824447.4978764,no,0,15.16,72.73%
5,Gate05,1.4343924522399902,1774824448.9322689,no,0,15.07,0.00%
6,Gate06,52.23509860038757,1774824501.1673675,no,0,10.47,39.18%
7,Gate07,1.9879496097564697,1774824503.155317,no,0,8.88,100.00%
8,Gate08,1.3476190567016602,1774824504.5029361,no,0,9.56,60.87%
9,Gate09,3.667882204055786,1774824508.1708183,no,0,9.63,50.00%
10,Gate10_21,2.2439656257629395,1774824510.414784,no,0,9.37,57.89%
11,Gate11_23,1.260066032409668,1774824511.67485,no,0,10.20,40.91%
0,Gate00,2.073289155960083,1774824535.3621945,no,0,9.67,85.71%
0,Gate00,2.325470209121704,1774885123.858916,no,0,9.72,92.86%
1,Gate01,0.8635880947113037,1774885124.7225041,no,0,11.43,100.00%
2,Gate02,3.6895623207092285,1774885128.4120665,no,0,15.24,100.00%
5,Gate05,3.596156597137451,1774885132.008223,no,0,15.27,77.08%
6,Gate06,73.7181327342987,1774885205.7263558,no,0,15.11,20.58%
9,Gate10_21,2.273455858230591,1774885207.9998116,no,0,11.61,100.00%
10,Gate11_23,1.0598950386047363,1774885209.0597067,no,0,10.45,100.00%
0,Gate00,2.291283369064331,1774887001.24661,no,0,9.81,76.47%
1,Gate01,0.9630374908447266,1774887002.2096474,no,0,11.78,100.00%
2,Gate02,3.46981143951416,1774887005.6794589,no,0,15.48,84.31%
5,Gate05,0.7068159580230713,1774887006.3862748,no,0,15.47,60.00%
6,Gate06,0.9146955013275146,1774887007.3009703,no,0,12.93,100.00%
7,Gate07,3.202678680419922,1774887010.503649,no,0,14.34,84.78%
9,Gate09,0.7690026760101318,1774887011.2726517,no,0,14.94,100.00%
10,Gate10_21,0.9844207763671875,1774887012.2570724,no,0,13.22,100.00%
0,Gate00,12.885879039764404,1774887054.445731,no,0,9.34,60.67%
1,Gate01,1.5171222686767578,1774887055.9628532,no,0,9.53,100.00%
2,Gate02,2.304516315460205,1774887058.2673695,no,0,14.08,100.00%
4,Gate04,0.8795371055603027,1774887059.1469066,no,0,14.12,84.62%
5,Gate05,0.7003514766693115,1774887059.847258,no,0,13.33,100.00%
0,Gate00,2.252277135848999,1774887501.3127775,no,0,9.99,88.24%
1,Gate01,0.8611130714416504,1774887502.1738906,no,0,12.06,100.00%
2,Gate02,7.443852186203003,1774887509.6177428,no,0,14.98,95.41%
5,Gate06,84.09193062782288,1774887593.7096734,no,0,15.95,8.61%
9,Gate10_21,2.0906100273132324,1774887595.8002834,no,0,10.60,96.77%
10,Gate11_23,1.8705782890319824,1774887597.6708617,no,0,13.26,0.00%
0,Gate00,2.2940847873687744,1774887624.89047,no,0,9.06,100.00%
1,Gate01,1.368058443069458,1774887626.2585285,no,0,12.17,100.00%
2,Gate02,2.0369765758514404,1774887628.295505,no,0,11.20,0.00%
3,Gate03,0.8092951774597168,1774887629.1048002,no,0,13.37,50.00%
0,Gate00,2.2638726234436035,1774887669.1443474,no,0,9.53,70.59%
1,Gate01,9.089837551116943,1774887678.234185,no,0,10.53,91.21%
2,Gate02,1.716001272201538,1774887679.9501863,no,0,10.13,88.00%
3,Gate03,1.022047996520996,1774887680.9722342,no,0,12.72,100.00%
4,Gate04,0.9668200016021729,1774887681.9390543,no,0,13.25,100.00%
5,Gate05,2.058696985244751,1774887683.9977512,no,0,11.00,96.77%
6,Gate06,0.9066710472106934,1774887684.9044223,no,0,11.62,100.00%
0,Gate00,2.1381072998046875,1774887721.699775,no,0,10.74,3.12%
1,Gate01,1.4777066707611084,1774887723.1774817,no,0,12.06,95.45%
2,Gate02,2.0728256702423096,1774887725.2503073,no,0,10.27,66.67%
3,Gate03,1.0997774600982666,1774887726.3500848,no,0,11.80,100.00%
4,Gate04,1.0760915279388428,1774887727.4261763,no,0,13.28,73.33%
5,Gate05,4.238452196121216,1774887731.6646285,no,0,12.76,69.84%
6,Gate06,2.1707186698913574,1774887733.8353472,no,0,11.19,100.00%
7,Gate07,2.6635043621063232,1774887736.4988515,no,0,12.13,81.58%
8,Gate08,0.8317372798919678,1774887737.3305888,no,0,13.65,100.00%
9,Gate09,3.5227293968200684,1774887740.8533182,no,0,13.97,98.00%
11,Gate11_23,0.6419181823730469,1774887741.4952364,no,0,15.28,0.00%
0,Gate00,2.206204891204834,1774887770.1634734,no,0,9.69,96.97%
1,Gate01,3.6517369747161865,1774887773.8152103,no,0,10.95,46.30%
2,Gate02,2.1045103073120117,1774887775.9197206,no,0,10.86,48.39%
3,Gate03,1.577089786529541,1774887777.4968104,no,0,11.98,100.00%
4,Gate04,1.8377618789672852,1774887779.3345723,no,0,10.85,74.07%
5,Gate05,3.8326468467712402,1774887783.1672192,no,0,11.52,84.21%
6,Gate06,10.46519422531128,1774887793.6324134,no,0,10.79,87.04%
7,Gate07,4.7980797290802,1774887798.430493,no,0,15.55,95.71%
11,Gate11_23,0.699289083480835,1774887799.1297822,no,0,15.85,90.00%
0,Gate00,9.639214515686035,1774887827.433322,no,0,9.97,47.87%
1,Gate01,1.4989948272705078,1774887828.9323168,no,0,10.03,100.00%
2,Gate02,5.242953538894653,1774887834.1752703,no,0,13.63,84.21%
4,Gate04,2.0096242427825928,1774887836.1848946,no,0,11.66,3.33%
5,Gate05,0.8722577095031738,1774887837.0571523,no,0,11.65,100.00%
6,Gate06,1.179744005203247,1774887838.2368963,no,0,12.50,100.00%
7,Gate07,3.146786689758301,1774887841.383683,no,0,12.30,88.64%
8,Gate08,2.099491596221924,1774887843.4831746,no,0,13.05,100.00%
9,Gate09,2.549509286880493,1774887846.0326838,no,0,8.84,75.00%
10,Gate10_21,1.2688987255096436,1774887847.3015826,no,0,11.88,100.00%
0,Gate00,22.792692184448242,1774887886.7754006,no,0,8.85,74.16%
1,Gate01,1.5838041305541992,1774887888.3592048,no,0,9.71,100.00%
2,Gate02,2.4342851638793945,1774887890.79349,no,0,14.13,100.00%
4,Gate04,0.7899935245513916,1774887891.5834835,no,0,14.26,91.67%
5,Gate05,0.8537318706512451,1774887892.4372153,no,0,12.53,100.00%
6,Gate06,5.974385023117065,1774887898.4116004,no,0,12.94,73.26%
8,Gate08,3.042736053466797,1774887901.4543364,no,0,10.84,41.86%
9,Gate09,1.0039317607879639,1774887902.4582682,no,0,12.04,100.00%
0,Gate00,27.720797061920166,1774887961.723482,no,0,8.99,96.84%
0,Gate00,2.301250696182251,1774888139.1964471,no,0,9.50,76.47%
1,Gate01,1.0266327857971191,1774888140.22308,no,0,11.02,100.00%
2,Gate02,2.7262978553771973,1774888142.9493778,no,0,14.59,90.00%
4,Gate04,0.7831099033355713,1774888143.7324877,no,0,15.03,41.67%
5,Gate05,1.1926264762878418,1774888144.9251142,no,0,14.16,100.00%
6,Gate06,2.401296615600586,1774888147.3264108,no,0,10.12,88.89%
7,Gate07,0.9090511798858643,1774888148.235462,no,0,11.22,92.31%
8,Gate08,1.3623847961425781,1774888149.5978467,no,0,11.62,73.68%
9,Gate09,3.6577188968658447,1774888153.2555656,no,0,15.32,86.79%
11,Gate11_23,1.8468711376190186,1774888155.1024368,no,0,10.50,81.48%
0,Gate00,17.07520866394043,1774888198.5237372,no,0,9.46,66.30%
1,Gate01,1.5324006080627441,1774888200.0561378,no,0,9.75,100.00%
2,Gate02,3.7751336097717285,1774888203.8312714,no,0,13.74,100.00%
4,Gate04,9.532745838165283,1774888213.3640172,no,0,16.77,66.90%
11,Gate11_23,2.3407254219055176,1774888215.7047427,no,0,10.46,34.29%
0,Gate00,2.207472562789917,1774888242.4148161,no,0,9.36,63.64%
1,Gate01,1.3875136375427246,1774888243.8023298,no,0,12.55,42.86%
2,Gate02,1.9920799732208252,1774888245.7944098,no,0,9.23,89.66%
3,Gate03,1.2726936340332031,1774888247.0671034,no,0,10.98,100.00%
4,Gate04,1.9050538539886475,1774888248.9721572,no,0,14.62,65.52%
0,Gate00,2.2286124229431152,1774888288.2477934,no,0,10.09,69.70%
1,Gate01,9.988534688949585,1774888298.2363281,no,0,10.52,48.98%
2,Gate02,1.453864574432373,1774888299.6901927,no,0,11.90,82.61%
3,Gate03,3.767669200897217,1774888303.457862,no,0,15.41,87.27%
6,Gate06,0.6675240993499756,1774888304.125386,no,0,15.50,50.00%
7,Gate07,1.6007564067840576,1774888305.7261424,no,0,12.92,91.67%
8,Gate08,4.666498184204102,1774888310.3926406,no,0,17.62,77.94%
0,Gate00,2.514909267425537,1774888340.7503347,no,0,9.80,21.05%
1,Gate01,1.4089090824127197,1774888342.1592438,no,0,10.96,100.00%
2,Gate02,6.431122779846191,1774888348.5903666,no,0,15.55,61.22%
5,Gate05,104.03014183044434,1774888452.6205084,no,0,16.65,4.18%
0,Gate00,2.201913833618164,1774888508.7214334,no,0,8.49,96.88%
1,Gate01,1.5509614944458008,1774888510.272395,no,0,12.11,100.00%
2,Gate02,2.037750482559204,1774888512.3101454,no,0,10.36,26.67%
3,Gate03,1.0551788806915283,1774888513.3653243,no,0,11.84,100.00%
0,Gate00,2.1424646377563477,1774888543.8744376,no,0,10.18,100.00%
1,Gate01,9.486512660980225,1774888553.3609502,no,0,11.95,73.91%
2,Gate02,1.456324815750122,1774888554.817275,no,0,10.17,90.91%
3,Gate03,1.0873079299926758,1774888555.904583,no,0,11.55,100.00%
4,Gate04,0.878551721572876,1774888556.7831347,no,0,12.85,38.46%
5,Gate05,1.1269819736480713,1774888557.9101167,no,0,12.46,100.00%
0,Gate00,2.308608055114746,1774888892.1099594,no,0,9.58,100.00%
1,Gate01,1.676170825958252,1774888893.7861302,no,0,11.28,100.00%
2,Gate02,1.6239664554595947,1774888895.4100966,no,0,11.29,100.00%
3,Gate03,2.5047414302825928,1774888897.914838,no,0,14.09,100.00%
5,Gate05,0.7553732395172119,1774888898.6702113,no,0,14.35,72.73%
6,Gate06,1.0662868022918701,1774888899.736498,no,0,12.24,100.00%
7,Gate07,3.6480865478515625,1774888903.3845847,no,0,14.75,88.89%
10,Gate10_21,2.738356351852417,1774888906.122941,no,0,14.94,77.50%
0,Gate00,9.578696012496948,1774888943.0945702,no,0,10.00,60.87%
1,Gate01,1.5379185676574707,1774888944.6324887,no,0,9.24,100.00%
2,Gate02,2.3372671604156494,1774888946.969756,no,0,13.67,100.00%
4,Gate04,0.8448381423950195,1774888947.814594,no,0,13.79,76.92%
5,Gate05,2.3489739894866943,1774888950.163568,no,0,12.19,91.43%
6,Gate06,1.4186768531799316,1774888951.5822449,no,0,10.23,65.22%
7,Gate07,1.6487951278686523,1774888953.23104,no,0,9.44,100.00%
8,Gate08,3.926003932952881,1774888957.157044,no,0,11.51,93.22%
0,Gate00,2.650508403778076,1774918268.347879,no,0,11.97,81.48%
0,Gate00,3.526855230331421,1774918269.2577217,no,0,13.58,88.89%
0,Gate00,212.66793012619019,1774918967.2226367,no,0,13.50,99.86%
0,Gate00,229.0108187198639,1774919372.2489955,no,0,24.15,98.05%
0,Gate00,38.72737765312195,1774920711.2260902,no,0,14.56,99.78%
2,Gate02,150.22994422912598,1774920861.4560344,no,0,29.13,86.67%
0,Gate00,123.7298686504364,1774974635.4365177,no,0,26.71,88.89%
